Date,Time (GMT),Predicted (m),Preliminary (m),Verified (m)
6/1/2018,5:00,1.387,-,1.416
6/1/2018,6:00,1.539,-,1.593
6/1/2018,7:00,1.593,-,1.638
6/1/2018,8:00,1.518,-,1.568
6/1/2018,9:00,1.312,-,1.342
6/1/2018,10:00,1.001,-,1.019
6/1/2018,11:00,0.637,-,0.66
6/1/2018,12:00,0.284,-,0.309
6/1/2018,13:00,0.009,-,0.058
6/1/2018,14:00,-0.14,-,-0.101
6/1/2018,15:00,-0.139,-,-0.092
6/1/2018,16:00,0.002,-,0.057
6/1/2018,17:00,0.244,-,0.275
6/1/2018,18:00,0.527,-,0.563
6/1/2018,19:00,0.79,-,0.828
6/1/2018,20:00,0.985,-,1.039
6/1/2018,21:00,1.087,-,1.117
6/1/2018,22:00,1.097,-,1.103
6/1/2018,23:00,1.041,-,1.068
6/2/2018,0:00,0.957,-,0.978
6/2/2018,1:00,0.892,-,0.913
6/2/2018,2:00,0.882,-,0.9
6/2/2018,3:00,0.945,-,0.979
6/2/2018,4:00,1.076,-,1.113
6/2/2018,5:00,1.243,-,1.282
6/2/2018,6:00,1.402,-,1.44
6/2/2018,7:00,1.502,-,1.548
6/2/2018,8:00,1.505,-,1.53
6/2/2018,9:00,1.389,-,1.417
6/2/2018,10:00,1.162,-,1.184
6/2/2018,11:00,0.853,-,0.871
6/2/2018,12:00,0.514,-,0.535
6/2/2018,13:00,0.206,-,0.237
6/2/2018,14:00,-0.015,-,0.023
6/2/2018,15:00,-0.108,-,-0.069
6/2/2018,16:00,-0.062,-,-0.008
6/2/2018,17:00,0.104,-,0.153
6/2/2018,18:00,0.348,-,0.382
6/2/2018,19:00,0.614,-,0.659
6/2/2018,20:00,0.85,-,0.906
6/2/2018,21:00,1.017,-,1.071
6/2/2018,22:00,1.098,-,1.139
6/2/2018,23:00,1.097,-,1.112
6/3/2018,0:00,1.042,-,1.074
6/3/2018,1:00,0.969,-,1.021
6/3/2018,2:00,0.92,-,0.973
6/3/2018,3:00,0.923,-,0.977
6/3/2018,4:00,0.99,-,1.066
6/3/2018,5:00,1.109,-,1.171
6/3/2018,6:00,1.248,-,1.318
6/3/2018,7:00,1.367,-,1.429
6/3/2018,8:00,1.425,-,1.497
6/3/2018,9:00,1.393,-,1.452
6/3/2018,10:00,1.257,-,1.307
6/3/2018,11:00,1.027,-,1.066
6/3/2018,12:00,0.736,-,0.785
6/3/2018,13:00,0.431,-,0.49
6/3/2018,14:00,0.17,-,0.252
6/3/2018,15:00,-0.001,-,0.084
6/3/2018,16:00,-0.049,-,0.034
6/3/2018,17:00,0.027,-,0.129
6/3/2018,18:00,0.206,-,0.285
6/3/2018,19:00,0.445,-,0.522
6/3/2018,20:00,0.694,-,0.775
6/3/2018,21:00,0.909,-,0.979
6/3/2018,22:00,1.055,-,1.128
6/3/2018,23:00,1.12,-,1.168
6/4/2018,0:00,1.111,-,1.152
6/4/2018,1:00,1.054,-,1.105
6/4/2018,2:00,0.984,-,1.032
6/4/2018,3:00,0.939,-,1.006
6/4/2018,4:00,0.941,-,1.015
6/4/2018,5:00,0.998,-,1.065
6/4/2018,6:00,1.095,-,1.179
6/4/2018,7:00,1.205,-,1.288
6/4/2018,8:00,1.292,-,1.375
6/4/2018,9:00,1.324,-,1.408
6/4/2018,10:00,1.275,-,1.36
6/4/2018,11:00,1.136,-,1.206
6/4/2018,12:00,0.919,-,0.991
6/4/2018,13:00,0.654,-,0.739
6/4/2018,14:00,0.387,-,0.49
6/4/2018,15:00,0.168,-,0.25
6/4/2018,16:00,0.039,-,0.121
6/4/2018,17:00,0.024,-,0.118
6/4/2018,18:00,0.121,-,0.221
6/4/2018,19:00,0.307,-,0.404
6/4/2018,20:00,0.541,-,0.637
6/4/2018,21:00,0.779,-,0.857
6/4/2018,22:00,0.979,-,1.037
6/4/2018,23:00,1.109,-,1.172
6/5/2018,0:00,1.159,-,1.205
6/5/2018,1:00,1.137,-,1.177
6/5/2018,2:00,1.07,-,1.106
6/5/2018,3:00,0.991,-,1.055
6/5/2018,4:00,0.935,-,0.998
6/5/2018,5:00,0.922,-,0.987
6/5/2018,6:00,0.959,-,1.024
6/5/2018,7:00,1.033,-,1.096
6/5/2018,8:00,1.121,-,1.196
6/5/2018,9:00,1.192,-,1.276
6/5/2018,10:00,1.216,-,1.306
6/5/2018,11:00,1.168,-,1.259
6/5/2018,12:00,1.04,-,1.112
6/5/2018,13:00,0.843,-,0.923
6/5/2018,14:00,0.607,-,0.668
6/5/2018,15:00,0.374,-,0.423
6/5/2018,16:00,0.191,-,0.282
6/5/2018,17:00,0.094,-,0.183
6/5/2018,18:00,0.104,-,0.185
6/5/2018,19:00,0.218,-,0.306
6/5/2018,20:00,0.412,-,0.483
6/5/2018,21:00,0.649,-,0.737
6/5/2018,22:00,0.883,-,0.955
6/5/2018,23:00,1.071,-,1.14
6/6/2018,0:00,1.185,-,1.246
6/6/2018,1:00,1.214,-,1.257
6/6/2018,2:00,1.168,-,1.224
6/6/2018,3:00,1.076,-,1.118
6/6/2018,4:00,0.972,-,1.035
6/6/2018,5:00,0.89,-,0.969
6/6/2018,6:00,0.853,-,0.905
6/6/2018,7:00,0.869,-,0.923
6/6/2018,8:00,0.929,-,0.998
6/6/2018,9:00,1.012,-,1.081
6/6/2018,10:00,1.085,-,1.167
6/6/2018,11:00,1.118,-,1.175
6/6/2018,12:00,1.084,-,1.153
6/6/2018,13:00,0.975,-,1.05
6/6/2018,14:00,0.801,-,0.861
6/6/2018,15:00,0.59,-,0.651
6/6/2018,16:00,0.384,-,0.435
6/6/2018,17:00,0.228,-,0.293
6/6/2018,18:00,0.157,-,0.207
6/6/2018,19:00,0.19,-,0.264
6/6/2018,20:00,0.324,-,0.388
6/6/2018,21:00,0.535,-,0.59
6/6/2018,22:00,0.781,-,0.811
6/6/2018,23:00,1.014,-,1.063
6/7/2018,0:00,1.19,-,1.228
6/7/2018,1:00,1.279,-,1.295
6/7/2018,2:00,1.273,-,1.297
6/7/2018,3:00,1.188,-,1.23
6/7/2018,4:00,1.053,-,1.103
6/7/2018,5:00,0.909,-,0.959
6/7/2018,6:00,0.792,-,0.851
6/7/2018,7:00,0.73,-,0.771
6/7/2018,8:00,0.735,-,0.755
6/7/2018,9:00,0.798,-,0.837
6/7/2018,10:00,0.894,-,0.937
6/7/2018,11:00,0.988,-,1.037
6/7/2018,12:00,1.044,-,1.095
6/7/2018,13:00,1.033,-,1.079
6/7/2018,14:00,0.945,-,0.982
6/7/2018,15:00,0.789,-,0.844
6/7/2018,16:00,0.597,-,0.635
6/7/2018,17:00,0.41,-,0.416
6/7/2018,18:00,0.274,-,0.28
6/7/2018,19:00,0.227,-,0.237
6/7/2018,20:00,0.287,-,0.285
6/7/2018,21:00,0.45,-,0.452
6/7/2018,22:00,0.684,-,0.678
6/7/2018,23:00,0.943,-,0.917
6/8/2018,0:00,1.173,-,1.163
6/8/2018,1:00,1.328,-,1.292
6/8/2018,2:00,1.379,-,1.335
6/8/2018,3:00,1.323,-,1.313
6/8/2018,4:00,1.179,-,1.16
6/8/2018,5:00,0.985,-,0.974
6/8/2018,6:00,0.79,-,0.77
6/8/2018,7:00,0.638,-,0.606
6/8/2018,8:00,0.561,-,0.553
6/8/2018,9:00,0.571,-,0.566
6/8/2018,10:00,0.656,-,0.642
6/8/2018,11:00,0.785,-,0.772
6/8/2018,12:00,0.915,-,0.915
6/8/2018,13:00,1.002,-,0.983
6/8/2018,14:00,1.016,-,0.996
6/8/2018,15:00,0.945,-,0.926
6/8/2018,16:00,0.801,-,0.806
6/8/2018,17:00,0.619,-,0.627
6/8/2018,18:00,0.444,-,0.435
6/8/2018,19:00,0.327,-,0.321
6/8/2018,20:00,0.308,-,0.315
6/8/2018,21:00,0.402,-,0.398
6/8/2018,22:00,0.6,-,0.585
6/8/2018,23:00,0.862,-,0.852
6/9/2018,0:00,1.133,-,1.109
6/9/2018,1:00,1.353,-,1.33
6/9/2018,2:00,1.474,-,1.453
6/9/2018,3:00,1.47,-,1.45
6/9/2018,4:00,1.344,-,1.323
6/9/2018,5:00,1.125,-,1.105
6/9/2018,6:00,0.864,-,0.86
6/9/2018,7:00,0.617,-,0.618
6/9/2018,8:00,0.438,-,0.434
6/9/2018,9:00,0.361,-,0.341
6/9/2018,10:00,0.395,-,0.38
6/9/2018,11:00,0.521,-,0.508
6/9/2018,12:00,0.698,-,0.694
6/9/2018,13:00,0.873,-,0.859
6/9/2018,14:00,0.995,-,1.019
6/9/2018,15:00,1.03,-,1.033
6/9/2018,16:00,0.969,-,0.958
6/9/2018,17:00,0.828,-,0.807
6/9/2018,18:00,0.648,-,0.629
6/9/2018,19:00,0.483,-,0.456
6/9/2018,20:00,0.388,-,0.394
6/9/2018,21:00,0.403,-,0.392
6/9/2018,22:00,0.538,-,0.527
6/9/2018,23:00,0.775,-,0.76
6/10/2018,0:00,1.064,-,1.047
6/10/2018,1:00,1.34,-,1.349
6/10/2018,2:00,1.538,-,1.514
6/10/2018,3:00,1.61,-,1.567
6/10/2018,4:00,1.534,-,1.528
6/10/2018,5:00,1.324,-,1.302
6/10/2018,6:00,1.022,-,1.004
6/10/2018,7:00,0.692,-,0.687
6/10/2018,8:00,0.403,-,0.409
6/10/2018,9:00,0.212,-,0.203
6/10/2018,10:00,0.153,-,0.155
6/10/2018,11:00,0.229,-,0.227
6/10/2018,12:00,0.41,-,0.417
6/10/2018,13:00,0.643,-,0.629
6/10/2018,14:00,0.864,-,0.847
6/10/2018,15:00,1.017,-,1.009
6/10/2018,16:00,1.066,-,1.05
6/10/2018,17:00,1.005,-,0.981
6/10/2018,18:00,0.86,-,0.819
6/10/2018,19:00,0.679,-,0.648
6/10/2018,20:00,0.526,-,0.493
6/10/2018,21:00,0.458,-,0.421
6/10/2018,22:00,0.512,-,0.475
6/10/2018,23:00,0.691,-,0.69
6/11/2018,0:00,0.965,-,0.949
6/11/2018,1:00,1.275,-,1.258
6/11/2018,2:00,1.546,-,1.501
6/11/2018,3:00,1.709,-,1.667
6/11/2018,4:00,1.717,-,1.702
6/11/2018,5:00,1.558,-,1.543
6/11/2018,6:00,1.259,-,1.243
6/11/2018,7:00,0.876,-,0.849
6/11/2018,8:00,0.488,-,0.489
6/11/2018,9:00,0.171,-,0.168
6/11/2018,10:00,-0.015,-,0.009
6/11/2018,11:00,-0.039,-,-0.023
6/11/2018,12:00,0.091,-,0.092
6/11/2018,13:00,0.332,-,0.332
6/11/2018,14:00,0.621,-,0.623
6/11/2018,15:00,0.883,-,0.875
6/11/2018,16:00,1.057,-,1.051
6/11/2018,17:00,1.11,-,1.104
6/11/2018,18:00,1.042,-,1.041
6/11/2018,19:00,0.889,-,0.886
6/11/2018,20:00,0.71,-,0.701
6/11/2018,21:00,0.573,-,0.569
6/11/2018,22:00,0.535,-,0.517
6/11/2018,23:00,0.63,-,0.643
6/12/2018,0:00,0.851,-,0.861
6/12/2018,1:00,1.157,-,1.179
6/12/2018,2:00,1.477,-,1.509
6/12/2018,3:00,1.731,-,1.736
6/12/2018,4:00,1.847,-,1.877
6/12/2018,5:00,1.783,-,1.814
6/12/2018,6:00,1.538,-,1.558
6/12/2018,7:00,1.154,-,1.187
6/12/2018,8:00,0.704,-,0.72
6/12/2018,9:00,0.275,-,0.322
6/12/2018,10:00,-0.052,-,0.009
6/12/2018,11:00,-0.216,-,-0.156
6/12/2018,12:00,-0.195,-,-0.142
6/12/2018,13:00,-0.008,-,0.032
6/12/2018,14:00,0.293,-,0.334
6/12/2018,15:00,0.629,-,0.675
6/12/2018,16:00,0.921,-,0.953
6/12/2018,17:00,1.105,-,1.135
6/12/2018,18:00,1.152,-,1.174
6/12/2018,19:00,1.073,-,1.084
6/12/2018,20:00,0.913,-,0.918
6/12/2018,21:00,0.739,-,0.747
6/12/2018,22:00,0.621,-,0.667
6/12/2018,23:00,0.615,-,0.636
6/13/2018,0:00,0.747,-,0.798
6/13/2018,1:00,1.003,-,1.051
6/13/2018,2:00,1.331,-,1.373
6/13/2018,3:00,1.65,-,1.689
6/13/2018,4:00,1.875,-,1.91
6/13/2018,5:00,1.935,-,1.957
6/13/2018,6:00,1.799,-,1.842
6/13/2018,7:00,1.477,-,1.513
6/13/2018,8:00,1.026,-,1.049
6/13/2018,9:00,0.529,-,0.563
6/13/2018,10:00,0.08,-,0.103
6/13/2018,11:00,-0.238,-,-0.19
6/13/2018,12:00,-0.37,-,-0.317
6/13/2018,13:00,-0.301,-,-0.254
6/13/2018,14:00,-0.058,-,-0.012
6/13/2018,15:00,0.291,-,0.347
6/13/2018,16:00,0.662,-,0.718
6/13/2018,17:00,0.968,-,1.024
6/13/2018,18:00,1.15,-,1.21
6/13/2018,19:00,1.185,-,1.266
6/13/2018,20:00,1.095,-,1.127
6/13/2018,21:00,0.931,-,0.965
6/13/2018,22:00,0.766,-,0.83
6/13/2018,23:00,0.668,-,0.735
6/14/2018,0:00,0.691,-,0.773
6/14/2018,1:00,0.854,-,0.917
6/14/2018,2:00,1.133,-,1.226
6/14/2018,3:00,1.468,-,1.558
6/14/2018,4:00,1.773,-,1.837
6/14/2018,5:00,1.96,-,2.027
6/14/2018,6:00,1.965,-,2.018
6/14/2018,7:00,1.765,-,1.794
6/14/2018,8:00,1.385,-,1.448
6/14/2018,9:00,0.891,-,0.946
6/14/2018,10:00,0.373,-,0.435
6/14/2018,11:00,-0.074,-,-0.009
6/14/2018,12:00,-0.369,-,-0.272
6/14/2018,13:00,-0.462,-,-0.362
6/14/2018,14:00,-0.346,-,-0.26
6/14/2018,15:00,-0.06,-,0.018
6/14/2018,16:00,0.323,-,0.387
6/14/2018,17:00,0.709,-,0.779
6/14/2018,18:00,1.015,-,1.077
6/14/2018,19:00,1.186,-,1.227
6/14/2018,20:00,1.209,-,1.257
6/14/2018,21:00,1.111,-,1.164
6/14/2018,22:00,0.947,-,0.996
6/14/2018,23:00,0.792,-,0.855
6/15/2018,0:00,0.712,-,0.785
6/15/2018,1:00,0.756,-,0.825
6/15/2018,2:00,0.937,-,1.004
6/15/2018,3:00,1.224,-,1.323
6/15/2018,4:00,1.551,-,1.69
6/15/2018,5:00,1.83,-,1.928
6/15/2018,6:00,1.975,-,2.059
6/15/2018,7:00,1.932,-,2.005
6/15/2018,8:00,1.688,-,1.758
6/15/2018,9:00,1.276,-,1.369
6/15/2018,10:00,0.767,-,0.861
6/15/2018,11:00,0.253,-,0.352
6/15/2018,12:00,-0.173,-,-0.072
6/15/2018,13:00,-0.434,-,-0.333
6/15/2018,14:00,-0.487,-,-0.377
6/15/2018,15:00,-0.332,-,-0.233
6/15/2018,16:00,-0.017,-,0.084
6/15/2018,17:00,0.38,-,0.433
6/15/2018,18:00,0.765,-,0.822
6/15/2018,19:00,1.061,-,1.137
6/15/2018,20:00,1.218,-,1.279
6/15/2018,21:00,1.23,-,1.287
6/15/2018,22:00,1.127,-,1.185
6/15/2018,23:00,0.966,-,1
6/16/2018,0:00,0.818,-,0.885
6/16/2018,1:00,0.749,-,0.824
6/16/2018,2:00,0.803,-,0.904
6/16/2018,3:00,0.986,-,1.088
6/16/2018,4:00,1.264,-,1.338
6/16/2018,5:00,1.567,-,1.666
6/16/2018,6:00,1.811,-,1.91
6/16/2018,7:00,1.918,-,2.006
6/16/2018,8:00,1.842,-,1.923
6/16/2018,9:00,1.578,-,1.692
6/16/2018,10:00,1.163,-,1.285
6/16/2018,11:00,0.668,-,0.8
6/16/2018,12:00,0.181,-,0.308
6/16/2018,13:00,-0.208,-,-0.088
6/16/2018,14:00,-0.429,-,-0.325
6/16/2018,15:00,-0.445,-,-0.321
6/16/2018,16:00,-0.265,-,-0.159
6/16/2018,17:00,0.062,-,0.172
6/16/2018,18:00,0.456,-,0.529
6/16/2018,19:00,0.828,-,0.925
6/16/2018,20:00,1.108,-,1.193
6/16/2018,21:00,1.252,-,1.356
6/16/2018,22:00,1.256,-,1.361
6/16/2018,23:00,1.15,-,1.241
6/17/2018,0:00,0.99,-,1.073
6/17/2018,1:00,0.845,-,0.934
6/17/2018,2:00,0.776,-,0.875
6/17/2018,3:00,0.823,-,0.885
6/17/2018,4:00,0.99,-,1.089
6/17/2018,5:00,1.241,-,1.298
6/17/2018,6:00,1.509,-,1.574
6/17/2018,7:00,1.717,-,1.808
6/17/2018,8:00,1.797,-,1.888
6/17/2018,9:00,1.708,-,1.824
6/17/2018,10:00,1.45,-,1.544
6/17/2018,11:00,1.059,-,1.166
6/17/2018,12:00,0.601,-,0.746
6/17/2018,13:00,0.16,-,0.269
6/17/2018,14:00,-0.182,-,-0.062
6/17/2018,15:00,-0.362,-,-0.288
6/17/2018,16:00,-0.349,-,-0.292
6/17/2018,17:00,-0.156,-,-0.066
6/17/2018,18:00,0.168,-,0.245
6/17/2018,19:00,0.547,-,0.616
6/17/2018,20:00,0.902,-,0.947
6/17/2018,21:00,1.165,-,1.201
6/17/2018,22:00,1.298,-,1.327
6/17/2018,23:00,1.295,-,1.325
6/18/2018,0:00,1.185,-,1.221
6/18/2018,1:00,1.021,-,1.073
6/18/2018,2:00,0.869,-,0.908
6/18/2018,3:00,0.786,-,0.801
6/18/2018,4:00,0.81,-,0.848
6/18/2018,5:00,0.943,-,0.969
6/18/2018,6:00,1.153,-,1.166
6/18/2018,7:00,1.381,-,1.394
6/18/2018,8:00,1.559,-,1.582
6/18/2018,9:00,1.627,-,1.655
6/18/2018,10:00,1.548,-,1.583
6/18/2018,11:00,1.32,-,1.369
6/18/2018,12:00,0.974,-,1.028
6/18/2018,13:00,0.571,-,0.628
6/18/2018,14:00,0.187,-,0.264
6/18/2018,15:00,-0.104,-,-0.033
6/18/2018,16:00,-0.245,-,-0.188
6/18/2018,17:00,-0.213,-,-0.143
6/18/2018,18:00,-0.018,-,0.04
6/18/2018,19:00,0.294,-,0.335
6/18/2018,20:00,0.654,-,0.682
6/18/2018,21:00,0.99,-,1.025
6/18/2018,22:00,1.239,-,1.264
6/18/2018,23:00,1.36,-,1.372
6/19/2018,0:00,1.349,-,1.336
6/19/2018,1:00,1.23,-,1.236
6/19/2018,2:00,1.054,-,1.054
6/19/2018,3:00,0.882,-,0.866
6/19/2018,4:00,0.77,-,0.772
6/19/2018,5:00,0.754,-,0.756
6/19/2018,6:00,0.841,-,0.833
6/19/2018,7:00,1.006,-,1.004
6/19/2018,8:00,1.199,-,1.23
6/19/2018,9:00,1.36,-,1.391
6/19/2018,10:00,1.433,-,1.468
6/19/2018,11:00,1.382,-,1.416
6/19/2018,12:00,1.201,-,1.23
6/19/2018,13:00,0.915,-,0.949
6/19/2018,14:00,0.577,-,0.604
6/19/2018,15:00,0.255,-,0.305
6/19/2018,16:00,0.013,-,0.057
6/19/2018,17:00,-0.098,-,-0.048
6/19/2018,18:00,-0.053,-,-0.028
6/19/2018,19:00,0.137,-,0.192
6/19/2018,20:00,0.435,-,0.473
6/19/2018,21:00,0.779,-,0.81
6/19/2018,22:00,1.098,-,1.109
6/19/2018,23:00,1.331,-,1.334
6/20/2018,0:00,1.439,-,1.444
6/20/2018,1:00,1.413,-,1.404
6/20/2018,2:00,1.276,-,1.263
6/20/2018,3:00,1.075,-,1.071
6/20/2018,4:00,0.871,-,0.865
6/20/2018,5:00,0.718,-,0.707
6/20/2018,6:00,0.654,-,0.674
6/20/2018,7:00,0.693,-,0.7
6/20/2018,8:00,0.818,-,0.832
6/20/2018,9:00,0.989,-,1.002
6/20/2018,10:00,1.149,-,1.173
6/20/2018,11:00,1.243,-,1.278
6/20/2018,12:00,1.233,-,1.273
6/20/2018,13:00,1.108,-,1.136
6/20/2018,14:00,0.887,-,0.907
6/20/2018,15:00,0.615,-,0.648
6/20/2018,16:00,0.349,-,0.386
6/20/2018,17:00,0.149,-,0.195
6/20/2018,18:00,0.064,-,0.103
6/20/2018,19:00,0.116,-,0.175
6/20/2018,20:00,0.303,-,0.34
6/20/2018,21:00,0.59,-,0.626
6/20/2018,22:00,0.919,-,0.939
6/20/2018,23:00,1.223,-,1.206
6/21/2018,0:00,1.438,-,1.421
6/21/2018,1:00,1.525,-,1.495
6/21/2018,2:00,1.474,-,1.474
6/21/2018,3:00,1.308,-,1.304
6/21/2018,4:00,1.071,-,1.052
6/21/2018,5:00,0.824,-,0.825
6/21/2018,6:00,0.624,-,0.626
6/21/2018,7:00,0.515,-,0.486
6/21/2018,8:00,0.516,-,0.517
6/21/2018,9:00,0.617,-,0.632
6/21/2018,10:00,0.782,-,0.812
6/21/2018,11:00,0.956,-,0.975
6/21/2018,12:00,1.082,-,1.127
6/21/2018,13:00,1.119,-,1.156
6/21/2018,14:00,1.05,-,1.074
6/21/2018,15:00,0.889,-,0.934
6/21/2018,16:00,0.673,-,0.719
6/21/2018,17:00,0.455,-,0.471
6/21/2018,18:00,0.289,-,0.303
6/21/2018,19:00,0.225,-,0.22
6/21/2018,20:00,0.287,-,0.292
6/21/2018,21:00,0.475,-,0.472
6/21/2018,22:00,0.756,-,0.75
6/21/2018,23:00,1.073,-,1.077
6/22/2018,0:00,1.357,-,1.334
6/22/2018,1:00,1.548,-,1.519
6/22/2018,2:00,1.604,-,1.566
6/22/2018,3:00,1.516,-,1.479
6/22/2018,4:00,1.308,-,1.284
6/22/2018,5:00,1.027,-,1.01
6/22/2018,6:00,0.734,-,0.712
6/22/2018,7:00,0.492,-,0.492
6/22/2018,8:00,0.351,-,0.334
6/22/2018,9:00,0.333,-,0.352
6/22/2018,10:00,0.431,-,0.476
6/22/2018,11:00,0.608,-,0.665
6/22/2018,12:00,0.807,-,0.877
6/22/2018,13:00,0.969,-,1.016
6/22/2018,14:00,1.05,-,1.082
6/22/2018,15:00,1.028,-,1.065
6/22/2018,16:00,0.914,-,0.941
6/22/2018,17:00,0.74,-,0.771
6/22/2018,18:00,0.557,-,0.604
6/22/2018,19:00,0.42,-,0.438
6/22/2018,20:00,0.377,-,0.412
6/22/2018,21:00,0.453,-,0.504
6/22/2018,22:00,0.648,-,0.662
6/22/2018,23:00,0.926,-,0.954
6/23/2018,0:00,1.23,-,1.266
6/23/2018,1:00,1.49,-,1.501
6/23/2018,2:00,1.646,-,1.639
6/23/2018,3:00,1.658,-,1.693
6/23/2018,4:00,1.522,-,1.551
6/23/2018,5:00,1.263,-,1.29
6/23/2018,6:00,0.934,-,0.974
6/23/2018,7:00,0.603,-,0.637
6/23/2018,8:00,0.335,-,0.398
6/23/2018,9:00,0.184,-,0.26
6/23/2018,10:00,0.171,-,0.281
6/23/2018,11:00,0.287,-,0.397
6/23/2018,12:00,0.489,-,0.606
6/23/2018,13:00,0.719,-,0.867
6/23/2018,14:00,0.913,-,1.026
6/23/2018,15:00,1.026,-,1.145
6/23/2018,16:00,1.035,-,1.144
6/23/2018,17:00,0.95,-,1.035
6/23/2018,18:00,0.803,-,0.894
6/23/2018,19:00,0.646,-,0.714
6/23/2018,20:00,0.535,-,0.595
6/23/2018,21:00,0.516,-,0.572
6/23/2018,22:00,0.612,-,0.666
6/23/2018,23:00,0.818,-,0.904
6/24/2018,0:00,1.095,-,1.143
6/24/2018,1:00,1.381,-,1.438
6/24/2018,2:00,1.608,-,1.661
6/24/2018,3:00,1.716,-,1.749
6/24/2018,4:00,1.673,-,1.731
6/24/2018,5:00,1.478,-,1.538
6/24/2018,6:00,1.166,-,1.198
6/24/2018,7:00,0.796,-,0.861
6/24/2018,8:00,0.442,-,0.522
6/24/2018,9:00,0.173,-,0.269
6/24/2018,10:00,0.037,-,0.146
6/24/2018,11:00,0.052,-,0.186
6/24/2018,12:00,0.201,-,0.332
6/24/2018,13:00,0.437,-,0.568
6/24/2018,14:00,0.695,-,0.839
6/24/2018,15:00,0.911,-,1.042
6/24/2018,16:00,1.038,-,1.151
6/24/2018,17:00,1.059,-,1.148
6/24/2018,18:00,0.984,-,1.076
6/24/2018,19:00,0.851,-,0.926
6/24/2018,20:00,0.716,-,0.79
6/24/2018,21:00,0.632,-,0.709
6/24/2018,22:00,0.642,-,0.695
6/24/2018,23:00,0.763,-,0.82
6/25/2018,0:00,0.981,-,1.021
6/25/2018,1:00,1.253,-,1.292
6/25/2018,2:00,1.515,-,1.544
6/25/2018,3:00,1.698,-,1.731
6/25/2018,4:00,1.747,-,1.809
6/25/2018,5:00,1.638,-,1.695
6/25/2018,6:00,1.381,-,1.445
6/25/2018,7:00,1.021,-,1.085
6/25/2018,8:00,0.626,-,0.682
6/25/2018,9:00,0.272,-,0.34
6/25/2018,10:00,0.025,-,0.095
6/25/2018,11:00,-0.072,-,0.018
6/25/2018,12:00,-0.011,-,0.092
6/25/2018,13:00,0.182,-,0.276
6/25/2018,14:00,0.451,-,0.534
6/25/2018,15:00,0.728,-,0.831
6/25/2018,16:00,0.949,-,1.04
6/25/2018,17:00,1.071,-,1.155
6/25/2018,18:00,1.083,-,1.145
6/25/2018,19:00,1.006,-,1.056
6/25/2018,20:00,0.881,-,0.951
6/25/2018,21:00,0.766,-,0.824
6/25/2018,22:00,0.712,-,0.733
6/25/2018,23:00,0.755,-,0.788
6/26/2018,0:00,0.902,-,0.939
6/26/2018,1:00,1.132,-,1.159
6/26/2018,2:00,1.394,-,1.435
6/26/2018,3:00,1.622,-,1.681
6/26/2018,4:00,1.75,-,1.803
6/26/2018,5:00,1.731,-,1.768
6/26/2018,6:00,1.553,-,1.607
6/26/2018,7:00,1.239,-,1.297
6/26/2018,8:00,0.845,-,0.902
6/26/2018,9:00,0.444,-,0.501
6/26/2018,10:00,0.113,-,0.175
6/26/2018,11:00,-0.089,-,-0.026
6/26/2018,12:00,-0.13,-,-0.056
6/26/2018,13:00,-0.013,-,0.08
6/26/2018,14:00,0.224,-,0.311
6/26/2018,15:00,0.518,-,0.59
6/26/2018,16:00,0.799,-,0.884
6/26/2018,17:00,1.006,-,1.101
6/26/2018,18:00,1.106,-,1.156
6/26/2018,19:00,1.098,-,1.164
6/26/2018,20:00,1.011,-,1.066
6/26/2018,21:00,0.893,-,0.937
6/26/2018,22:00,0.801,-,0.825
6/26/2018,23:00,0.78,-,0.797
6/27/2018,0:00,0.857,-,0.889
6/27/2018,1:00,1.029,-,1.06
6/27/2018,2:00,1.266,-,1.303
6/27/2018,3:00,1.51,-,1.568
6/27/2018,4:00,1.693,-,1.745
6/27/2018,5:00,1.757,-,1.81
6/27/2018,6:00,1.667,-,1.722
6/27/2018,7:00,1.423,-,1.467
6/27/2018,8:00,1.065,-,1.118
6/27/2018,9:00,0.655,-,0.692
6/27/2018,10:00,0.271,-,0.326
6/27/2018,11:00,-0.017,-,0.058
6/27/2018,12:00,-0.159,-,-0.083
6/27/2018,13:00,-0.134,-,-0.073
6/27/2018,14:00,0.04,-,0.121
6/27/2018,15:00,0.314,-,0.4
6/27/2018,16:00,0.62,-,0.668
6/27/2018,17:00,0.888,-,0.941
6/27/2018,18:00,1.065,-,1.135
6/27/2018,19:00,1.132,-,1.178
6/27/2018,20:00,1.097,-,1.15
6/27/2018,21:00,1,-,1.058
6/27/2018,22:00,0.893,-,0.934
6/27/2018,23:00,0.827,-,0.839
6/28/2018,0:00,0.84,-,0.868
6/28/2018,1:00,0.951,-,0.995
6/28/2018,2:00,1.144,-,1.203
6/28/2018,3:00,1.378,-,1.427
6/28/2018,4:00,1.593,-,1.641
6/28/2018,5:00,1.723,-,1.794
6/28/2018,6:00,1.719,-,1.769
6/28/2018,7:00,1.56,-,1.608
6/28/2018,8:00,1.263,-,1.31
6/28/2018,9:00,0.877,-,0.948
6/28/2018,10:00,0.472,-,0.538
6/28/2018,11:00,0.123,-,0.187
6/28/2018,12:00,-0.107,-,-0.031
6/28/2018,13:00,-0.179,-,-0.105
6/28/2018,14:00,-0.088,-,-0.026
6/28/2018,15:00,0.136,-,0.198
6/28/2018,16:00,0.434,-,0.5
6/28/2018,17:00,0.735,-,0.795
6/28/2018,18:00,0.974,-,1.005
6/28/2018,19:00,1.112,-,1.161
6/28/2018,20:00,1.141,-,1.172
6/28/2018,21:00,1.082,-,1.119
6/28/2018,22:00,0.98,-,0.998
6/28/2018,23:00,0.887,-,0.906
6/29/2018,0:00,0.849,-,0.868
6/29/2018,1:00,0.897,-,0.936
6/29/2018,2:00,1.036,-,1.074
6/29/2018,3:00,1.241,-,1.282
6/29/2018,4:00,1.462,-,1.504
6/29/2018,5:00,1.637,-,1.698
6/29/2018,6:00,1.707,-,1.754
6/29/2018,7:00,1.637,-,1.696
6/29/2018,8:00,1.42,-,1.469
6/29/2018,9:00,1.087,-,1.147
6/29/2018,10:00,0.694,-,0.782
6/29/2018,11:00,0.313,-,0.39
6/29/2018,12:00,0.014,-,0.089
6/29/2018,13:00,-0.149,-,-0.075
6/29/2018,14:00,-0.15,-,-0.087
6/29/2018,15:00,0.001,-,0.076
6/29/2018,16:00,0.262,-,0.336
6/29/2018,17:00,0.566,-,0.642
6/29/2018,18:00,0.846,-,0.91
6/29/2018,19:00,1.047,-,1.114
6/29/2018,20:00,1.143,-,1.209
6/29/2018,21:00,1.137,-,1.201
6/29/2018,22:00,1.06,-,1.098
6/29/2018,23:00,0.958,-,0.987
6/30/2018,0:00,0.883,-,0.929
6/30/2018,1:00,0.874,-,0.925
6/30/2018,2:00,0.952,-,1.006
6/30/2018,3:00,1.111,-,1.181
6/30/2018,4:00,1.315,-,1.377
6/30/2018,5:00,1.509,-,1.587
6/30/2018,6:00,1.636,-,1.701
6/30/2018,7:00,1.646,-,1.705
6/30/2018,8:00,1.518,-,1.583
6/30/2018,9:00,1.26,-,1.325
6/30/2018,10:00,0.91,-,0.968
6/30/2018,11:00,0.53,-,0.622
6/30/2018,12:00,0.189,-,0.285
6/30/2018,13:00,-0.05,-,0.032
6/30/2018,14:00,-0.142,-,-0.019
6/30/2018,15:00,-0.077,-,0.002
6/30/2018,16:00,0.121,-,0.213
6/30/2018,17:00,0.401,-,0.491
6/30/2018,18:00,0.696,-,0.759
6/30/2018,19:00,0.945,-,1.019
6/30/2018,20:00,1.105,-,1.167
6/30/2018,21:00,1.161,-,1.238
6/30/2018,22:00,1.126,-,1.211
6/30/2018,23:00,1.037,-,1.115
