Case,Description,Pycno Depth,M2 Period,M2 Amp,M2 Phase,M2 Phase After Spinup Correction& U-Eta Lag,K1 Period,K1 Amp,K1 Phase,K1 Phase After Spinup Correction& U-Eta Lag,Wind Period,Wind Speed,Wind Phase,Wind Phase After Spinup Correction
12000,K1-M2 Tidal Lag,7.5,12.4,0.056,0,90,23.9,0.022,0,36,24,0,0,0
12001,K1-M2 Tidal Lag,7.5,12.4,0.056,0,90,23.9,0.022,30,66,24,0,0,0
12002,K1-M2 Tidal Lag,7.5,12.4,0.056,0,90,23.9,0.022,60,96,24,0,0,0
12003,K1-M2 Tidal Lag,7.5,12.4,0.056,0,90,23.9,0.022,90,126,24,0,0,0
12004,K1-M2 Tidal Lag,7.5,12.4,0.056,0,90,23.9,0.022,120,156,24,0,0,0
12005,K1-M2 Tidal Lag,7.5,12.4,0.056,0,90,23.9,0.022,150,186,24,0,0,0
12006,K1-M2 Tidal Lag,7.5,12.4,0.056,0,90,23.9,0.022,178,214,24,0,0,0
12007,M2-Wind Lag-Severe,7.5,12.4,0.056,0,90,23.9,0,0,0,24,6,0,312
12008,M2-Wind Lag-Severe,7.5,12.4,0.056,0,90,23.9,0,0,0,24,6,30,342
12009,M2-Wind Lag-Severe,7.5,12.4,0.056,0,90,23.9,0,0,0,24,6,60,12
12010,M2-Wind Lag-Severe,7.5,12.4,0.056,0,90,23.9,0,0,0,24,6,90,42
12011,M2-Wind Lag-Severe,7.5,12.4,0.056,0,90,23.9,0,0,0,24,6,120,72
12012,M2-Wind Lag-Severe,7.5,12.4,0.056,0,90,23.9,0,0,0,24,6,150,102
12013,M2-Wind Lag-Severe,7.5,12.4,0.056,0,90,23.9,0,0,0,24,6,174,126
12014,M2-Wind Lag-Mild,7.5,12.4,0.056,0,90,23.9,0,0,0,24,3,0,312
12015,M2-Wind Lag-Mild,7.5,12.4,0.056,0,90,23.9,0,0,0,24,3,30,342
12016,M2-Wind Lag-Mild,7.5,12.4,0.056,0,90,23.9,0,0,0,24,3,60,12
12017,M2-Wind Lag-Mild,7.5,12.4,0.056,0,90,23.9,0,0,0,24,3,90,42
12018,M2-Wind Lag-Mild,7.5,12.4,0.056,0,90,23.9,0,0,0,24,3,120,72
12019,M2-Wind Lag-Mild,7.5,12.4,0.056,0,90,23.9,0,0,0,24,3,150,102
12020,M2-Wind Lag-Mild,7.5,12.4,0.056,0,90,23.9,0,0,0,24,3,174,126
12021,K1-Wind Lag-Severe,7.5,12.4,0,0,90,23.9,0.022,0,36,24,6,0,312
12022,K1-Wind Lag-Severe,7.5,12.4,0,0,90,23.9,0.022,0,36,24,6,30,342
12023,K1-Wind Lag-Severe,7.5,12.4,0,0,90,23.9,0.022,0,36,24,6,60,12
12024,K1-Wind Lag-Severe,7.5,12.4,0,0,90,23.9,0.022,0,36,24,6,90,42
12025,K1-Wind Lag-Severe,7.5,12.4,0,0,90,23.9,0.022,0,36,24,6,120,72
12026,K1-Wind Lag-Severe,7.5,12.4,0,0,90,23.9,0.022,0,36,24,6,150,102
12027,K1-Wind Lag-Severe,7.5,12.4,0,0,90,23.9,0.022,0,36,24,6,180,132
12028,K1-Wind Lag-Severe,7.5,12.4,0,0,90,23.9,0.022,0,36,24,6,210,162
12029,K1-Wind Lag-Severe,7.5,12.4,0,0,90,23.9,0.022,0,36,24,6,240,192
12030,K1-Wind Lag-Severe,7.5,12.4,0,0,90,23.9,0.022,0,36,24,6,270,222
12031,K1-Wind Lag-Severe,7.5,12.4,0,0,90,23.9,0.022,0,36,24,6,300,252
12032,K1-Wind Lag-Severe,7.5,12.4,0,0,90,23.9,0.022,0,36,24,6,330,282
12033,K1-Wind Lag-Mild,7.5,12.4,0,0,90,23.9,0.022,0,36,24,3,0,312
12034,K1-Wind Lag-Mild,7.5,12.4,0,0,90,23.9,0.022,0,36,24,3,30,342
12035,K1-Wind Lag-Mild,7.5,12.4,0,0,90,23.9,0.022,0,36,24,3,60,12
12036,K1-Wind Lag-Mild,7.5,12.4,0,0,90,23.9,0.022,0,36,24,3,90,42
12037,K1-Wind Lag-Mild,7.5,12.4,0,0,90,23.9,0.022,0,36,24,3,120,72
12038,K1-Wind Lag-Mild,7.5,12.4,0,0,90,23.9,0.022,0,36,24,3,150,102
12039,K1-Wind Lag-Mild,7.5,12.4,0,0,90,23.9,0.022,0,36,24,3,180,132
12040,K1-Wind Lag-Mild,7.5,12.4,0,0,90,23.9,0.022,0,36,24,3,210,162
12041,K1-Wind Lag-Mild,7.5,12.4,0,0,90,23.9,0.022,0,36,24,3,240,192
12042,K1-Wind Lag-Mild,7.5,12.4,0,0,90,23.9,0.022,0,36,24,3,270,222
12043,K1-Wind Lag-Mild,7.5,12.4,0,0,90,23.9,0.022,0,36,24,3,300,252
12044,K1-Wind Lag-Mild,7.5,12.4,0,0,90,23.9,0.022,0,36,24,3,330,282
12045,M2K1- Pycno&Wind Speed,5,12.4,0.056,0,90,23.9,0.022,108,144,24,0,205,157
12046,M2K1- Pycno&Wind Speed,7.5,12.4,0.056,0,90,23.9,0.022,108,144,24,0,205,157
12047,M2K1- Pycno&Wind Speed,10,12.4,0.056,0,90,23.9,0.022,108,144,24,0,205,157
12048,M2K1- Pycno&Wind Speed,12.5,12.4,0.056,0,90,23.9,0.022,108,144,24,0,205,157
12049,M2K1- Pycno&Wind Speed,15,12.4,0.056,0,90,23.9,0.022,108,144,24,0,205,157
12050,M2K1- Pycno&Wind Speed,17.5,12.4,0.056,0,90,23.9,0.022,108,144,24,0,205,157
12051,M2K1- Pycno&Wind Speed,20,12.4,0.056,0,90,23.9,0.022,108,144,24,0,205,157
12052,M2K1- Pycno&Wind Speed,5,12.4,0.056,0,90,23.9,0.022,108,144,24,1.5,205,157
12053,M2K1- Pycno&Wind Speed,7.5,12.4,0.056,0,90,23.9,0.022,108,144,24,1.5,205,157
12054,M2K1- Pycno&Wind Speed,10,12.4,0.056,0,90,23.9,0.022,108,144,24,1.5,205,157
12055,M2K1- Pycno&Wind Speed,12.5,12.4,0.056,0,90,23.9,0.022,108,144,24,1.5,205,157
12056,M2K1- Pycno&Wind Speed,15,12.4,0.056,0,90,23.9,0.022,108,144,24,1.5,205,157
12057,M2K1- Pycno&Wind Speed,17.5,12.4,0.056,0,90,23.9,0.022,108,144,24,1.5,205,157
12058,M2K1- Pycno&Wind Speed,20,12.4,0.056,0,90,23.9,0.022,108,144,24,1.5,205,157
12059,M2K1- Pycno&Wind Speed,5,12.4,0.056,0,90,23.9,0.022,108,144,24,3,205,157
12060,M2K1- Pycno&Wind Speed,7.5,12.4,0.056,0,90,23.9,0.022,108,144,24,3,205,157
12061,M2K1- Pycno&Wind Speed,10,12.4,0.056,0,90,23.9,0.022,108,144,24,3,205,157
12062,M2K1- Pycno&Wind Speed,12.5,12.4,0.056,0,90,23.9,0.022,108,144,24,3,205,157
12063,M2K1- Pycno&Wind Speed,15,12.4,0.056,0,90,23.9,0.022,108,144,24,3,205,157
12064,M2K1- Pycno&Wind Speed,17.5,12.4,0.056,0,90,23.9,0.022,108,144,24,3,205,157
12065,M2K1- Pycno&Wind Speed,20,12.4,0.056,0,90,23.9,0.022,108,144,24,3,205,157
12066,M2K1- Pycno&Wind Speed,5,12.4,0.056,0,90,23.9,0.022,108,144,24,4.5,205,157
12067,M2K1- Pycno&Wind Speed,7.5,12.4,0.056,0,90,23.9,0.022,108,144,24,4.5,205,157
12068,M2K1- Pycno&Wind Speed,10,12.4,0.056,0,90,23.9,0.022,108,144,24,4.5,205,157
12069,M2K1- Pycno&Wind Speed,12.5,12.4,0.056,0,90,23.9,0.022,108,144,24,4.5,205,157
12070,M2K1- Pycno&Wind Speed,15,12.4,0.056,0,90,23.9,0.022,108,144,24,4.5,205,157
12071,M2K1- Pycno&Wind Speed,17.5,12.4,0.056,0,90,23.9,0.022,108,144,24,4.5,205,157
12072,M2K1- Pycno&Wind Speed,20,12.4,0.056,0,90,23.9,0.022,108,144,24,4.5,205,157
12073,M2K1- Pycno&Wind Speed,5,12.4,0.056,0,90,23.9,0.022,108,144,24,6,205,157
12074,M2K1- Pycno&Wind Speed,7.5,12.4,0.056,0,90,23.9,0.022,108,144,24,6,205,157
12075,M2K1- Pycno&Wind Speed,10,12.4,0.056,0,90,23.9,0.022,108,144,24,6,205,157
12076,M2K1- Pycno&Wind Speed,12.5,12.4,0.056,0,90,23.9,0.022,108,144,24,6,205,157
12077,M2K1- Pycno&Wind Speed,15,12.4,0.056,0,90,23.9,0.022,108,144,24,6,205,157
12078,M2K1- Pycno&Wind Speed,17.5,12.4,0.056,0,90,23.9,0.022,108,144,24,6,205,157
12079,M2K1- Pycno&Wind Speed,20,12.4,0.056,0,90,23.9,0.022,108,144,24,6,205,157
12080,M2-Pycno,5,12.4,0.056,0,90,23.9,0,108,144,24,0,205,157
12081,M2-Pycno,7.5,12.4,0.056,0,90,23.9,0,108,144,24,0,205,157
12082,M2-Pycno,10,12.4,0.056,0,90,23.9,0,108,144,24,0,205,157
12083,M2-Pycno,12.5,12.4,0.056,0,90,23.9,0,108,144,24,0,205,157
12084,M2-Pycno,15,12.4,0.056,0,90,23.9,0,108,144,24,0,205,157
12085,M2-Pycno,17.5,12.4,0.056,0,90,23.9,0,108,144,24,0,205,157
12086,M2-Pycno,20,12.4,0.056,0,90,23.9,0,108,144,24,0,205,157
12087,K1-Pycno,5,12.4,0,0,90,23.9,0.022,108,144,24,0,205,157
12088,K1-Pycno,7.5,12.4,0,0,90,23.9,0.022,108,144,24,0,205,157
12089,K1-Pycno,10,12.4,0,0,90,23.9,0.022,108,144,24,0,205,157
12090,K1-Pycno,12.5,12.4,0,0,90,23.9,0.022,108,144,24,0,205,157
12091,K1-Pycno,15,12.4,0,0,90,23.9,0.022,108,144,24,0,205,157
12092,K1-Pycno,17.5,12.4,0,0,90,23.9,0.022,108,144,24,0,205,157
12093,K1-Pycno,20,12.4,0,0,90,23.9,0.022,108,144,24,0,205,157
12094,M2K1-Tidal Lag-Pycno12.5,12.5,12.4,0.056,0,90,23.9,0.022,0,36,24,0,0,0
12095,M2K1-Tidal Lag-Pycno12.5,12.5,12.4,0.056,0,90,23.9,0.022,30,66,24,0,0,0
12096,M2K1-Tidal Lag-Pycno12.5,12.5,12.4,0.056,0,90,23.9,0.022,60,96,24,0,0,0
12097,M2K1-Tidal Lag-Pycno12.5,12.5,12.4,0.056,0,90,23.9,0.022,90,126,24,0,0,0
12098,M2K1-Tidal Lag-Pycno12.5,12.5,12.4,0.056,0,90,23.9,0.022,120,156,24,0,0,0
12099,M2K1-Tidal Lag-Pycno12.5,12.5,12.4,0.056,0,90,23.9,0.022,150,186,24,0,0,0
12100,M2K1-Tidal Lag-Pycno12.5,12.5,12.4,0.056,0,90,23.9,0.022,178,214,24,0,0,0
12101,M2K1-Tidal Lag-Pycno17.5,17.5,12.4,0.056,0,90,23.9,0.022,0,36,24,0,0,0
12102,M2K1-Tidal Lag-Pycno17.5,17.5,12.4,0.056,0,90,23.9,0.022,30,66,24,0,0,0
12103,M2K1-Tidal Lag-Pycno17.5,17.5,12.4,0.056,0,90,23.9,0.022,60,96,24,0,0,0
12104,M2K1-Tidal Lag-Pycno17.5,17.5,12.4,0.056,0,90,23.9,0.022,90,126,24,0,0,0
12105,M2K1-Tidal Lag-Pycno17.5,17.5,12.4,0.056,0,90,23.9,0.022,120,156,24,0,0,0
12106,M2K1-Tidal Lag-Pycno17.5,17.5,12.4,0.056,0,90,23.9,0.022,150,186,24,0,0,0
12107,M2K1-Tidal Lag-Pycno17.5,17.5,12.4,0.056,0,90,23.9,0.022,178,214,24,0,0,0
12108,K1-Tidal Lag-Pycno7.5,7.5,12.4,0,0,90,23.9,0.022,0,36,24,0,0,0
12109,K1-Tidal Lag-Pycno7.5,7.5,12.4,0,0,90,23.9,0.022,30,66,24,0,0,0
12110,K1-Tidal Lag-Pycno7.5,7.5,12.4,0,0,90,23.9,0.022,60,96,24,0,0,0
12111,K1-Tidal Lag-Pycno7.5,7.5,12.4,0,0,90,23.9,0.022,90,126,24,0,0,0
12112,K1-Tidal Lag-Pycno7.5,7.5,12.4,0,0,90,23.9,0.022,120,156,24,0,0,0
12113,K1-Tidal Lag-Pycno7.5,7.5,12.4,0,0,90,23.9,0.022,150,186,24,0,0,0
12114,K1-Tidal Lag-Pycno7.5,7.5,12.4,0,0,90,23.9,0.022,178,214,24,0,0,0
12115,K1-Tidal Lag-Pycno12.5,12.5,12.4,0,0,90,23.9,0.022,0,36,24,0,0,0
12116,K1-Tidal Lag-Pycno12.5,12.5,12.4,0,0,90,23.9,0.022,30,66,24,0,0,0
12117,K1-Tidal Lag-Pycno12.5,12.5,12.4,0,0,90,23.9,0.022,60,96,24,0,0,0
12118,K1-Tidal Lag-Pycno12.5,12.5,12.4,0,0,90,23.9,0.022,90,126,24,0,0,0
12119,K1-Tidal Lag-Pycno12.5,12.5,12.4,0,0,90,23.9,0.022,120,156,24,0,0,0
12120,K1-Tidal Lag-Pycno12.5,12.5,12.4,0,0,90,23.9,0.022,150,186,24,0,0,0
12121,K1-Tidal Lag-Pycno12.5,12.5,12.4,0,0,90,23.9,0.022,178,214,24,0,0,0
12122,K1-Tidal Lag-Pycno17.5,17.5,12.4,0,0,90,23.9,0.022,0,36,24,0,0,0
12123,K1-Tidal Lag-Pycno17.5,17.5,12.4,0,0,90,23.9,0.022,30,66,24,0,0,0
12124,K1-Tidal Lag-Pycno17.5,17.5,12.4,0,0,90,23.9,0.022,60,96,24,0,0,0
12125,K1-Tidal Lag-Pycno17.5,17.5,12.4,0,0,90,23.9,0.022,90,126,24,0,0,0
12126,K1-Tidal Lag-Pycno17.5,17.5,12.4,0,0,90,23.9,0.022,120,156,24,0,0,0
12127,K1-Tidal Lag-Pycno17.5,17.5,12.4,0,0,90,23.9,0.022,150,186,24,0,0,0
12128,K1-Tidal Lag-Pycno17.5,17.5,12.4,0,0,90,23.9,0.022,178,214,24,0,0,0
12129,Complementory,12.5,12.4,0.056,0,90,23.9,0.03,0,36,24,0,0,0
12130,Complementory,12.5,12.4,0.056,0,90,23.9,0.039,0,36,24,0,0,0
12131,Complementory,12.5,12.4,0.056,0,90,23.9,0.058,0,36,24,0,0,0
12132,Complementory,12.5,12.4,0.008,0,90,23.9,0.022,0,36,24,0,0,0
12133,Complementory,12.5,12.4,0.011,0,90,23.9,0.022,0,36,24,0,0,0
12134,Complementory,12.5,12.4,0.014,0,90,23.9,0.022,0,36,24,0,0,0
12135,Complementory,12.5,12.4,0.021,0,90,23.9,0.022,0,36,24,0,0,0
12136,Complementory,12.5,12.4,0.032,0,90,23.9,0.022,0,36,24,0,0,0
12137,Complementory,12.5,12.4,0.041,0,90,23.9,0.022,0,36,24,0,0,0
12138,Complementory,12.5,12.4,0,0,90,23.9,0.03,0,36,24,0,0,0
12139,Complementory,12.5,12.4,0,0,90,23.9,0.039,0,36,24,0,0,0
12140,Complementory,12.5,12.4,0,0,90,23.9,0.058,0,36,24,0,0,0
12141,Complementory,12.5,12.4,0.008,0,90,23.9,0,0,36,24,0,0,0
12142,Complementory,12.5,12.4,0.011,0,90,23.9,0,0,36,24,0,0,0
12143,Complementory,12.5,12.4,0.014,0,90,23.9,0,0,36,24,0,0,0
12144,Complementory,12.5,12.4,0.021,0,90,23.9,0,0,36,24,0,0,0
12145,Complementory,12.5,12.4,0.032,0,90,23.9,0,0,36,24,0,0,0
12146,Complementory,12.5,12.4,0.041,0,90,23.9,0,0,36,24,0,0,0
12147,NewSet-M2K1-Wind-Lag-Mild,7.5,12.4,0.056,0,90,23.9,0.022,0,36,24,3,0,312
12148,NewSet-M2K1-Wind-Lag-Mild,7.5,12.4,0.056,0,90,23.9,0.022,0,36,24,3,30,342
12149,NewSet-M2K1-Wind-Lag-Mild,7.5,12.4,0.056,0,90,23.9,0.022,0,36,24,3,60,12
12150,NewSet-M2K1-Wind-Lag-Mild,7.5,12.4,0.056,0,90,23.9,0.022,0,36,24,3,90,42
12151,NewSet-M2K1-Wind-Lag-Mild,7.5,12.4,0.056,0,90,23.9,0.022,0,36,24,3,120,72
12152,NewSet-M2K1-Wind-Lag-Mild,7.5,12.4,0.056,0,90,23.9,0.022,0,36,24,3,150,102
12153,NewSet-M2K1-Wind-Lag-Mild,7.5,12.4,0.056,0,90,23.9,0.022,0,36,24,3,180,132
12154,NewSet-M2K1-Wind-Lag-Mild,7.5,12.4,0.056,0,90,23.9,0.022,0,36,24,3,210,162
12155,NewSet-M2K1-Wind-Lag-Mild,7.5,12.4,0.056,0,90,23.9,0.022,0,36,24,3,240,192
12156,NewSet-M2K1-Wind-Lag-Mild,7.5,12.4,0.056,0,90,23.9,0.022,0,36,24,3,270,222
12157,NewSet-M2K1-Wind-Lag-Mild,7.5,12.4,0.056,0,90,23.9,0.022,0,36,24,3,300,252
12158,NewSet-M2K1-Wind-Lag-Mild,7.5,12.4,0.056,0,90,23.9,0.022,0,36,24,3,330,282
12159,NewSet-M2K1-Wind-Lag-Severe,7.5,12.4,0.056,0,90,23.9,0.022,0,36,24,6,0,312
12160,NewSet-M2K1-Wind-Lag-Severe,7.5,12.4,0.056,0,90,23.9,0.022,0,36,24,6,30,342
12161,NewSet-M2K1-Wind-Lag-Severe,7.5,12.4,0.056,0,90,23.9,0.022,0,36,24,6,60,12
12162,NewSet-M2K1-Wind-Lag-Severe,7.5,12.4,0.056,0,90,23.9,0.022,0,36,24,6,90,42
12163,NewSet-M2K1-Wind-Lag-Severe,7.5,12.4,0.056,0,90,23.9,0.022,0,36,24,6,120,72
12164,NewSet-M2K1-Wind-Lag-Severe,7.5,12.4,0.056,0,90,23.9,0.022,0,36,24,6,150,102
12165,NewSet-M2K1-Wind-Lag-Severe,7.5,12.4,0.056,0,90,23.9,0.022,0,36,24,6,180,132
12166,NewSet-M2K1-Wind-Lag-Severe,7.5,12.4,0.056,0,90,23.9,0.022,0,36,24,6,210,162
12167,NewSet-M2K1-Wind-Lag-Severe,7.5,12.4,0.056,0,90,23.9,0.022,0,36,24,6,240,192
12168,NewSet-M2K1-Wind-Lag-Severe,7.5,12.4,0.056,0,90,23.9,0.022,0,36,24,6,270,222
12169,NewSet-M2K1-Wind-Lag-Severe,7.5,12.4,0.056,0,90,23.9,0.022,0,36,24,6,300,252
12170,NewSet-M2K1-Wind-Lag-Severe,7.5,12.4,0.056,0,90,23.9,0.022,0,36,24,6,330,282
12171,NewSet-M2-Wind Lag-Mild,12.5,12.4,0.056,0,90,23.9,0,0,36,24,3,0,312
12172,NewSet-M2-Wind Lag-Mild,12.5,12.4,0.056,0,90,23.9,0,0,36,24,3,30,342
12173,NewSet-M2-Wind Lag-Mild,12.5,12.4,0.056,0,90,23.9,0,0,36,24,3,60,12
12174,NewSet-M2-Wind Lag-Mild,12.5,12.4,0.056,0,90,23.9,0,0,36,24,3,90,42
12175,NewSet-M2-Wind Lag-Mild,12.5,12.4,0.056,0,90,23.9,0,0,36,24,3,120,72
12176,NewSet-M2-Wind Lag-Mild,12.5,12.4,0.056,0,90,23.9,0,0,36,24,3,150,102
12177,NewSet-M2-Wind Lag-Mild,12.5,12.4,0.056,0,90,23.9,0,0,36,24,3,174,126
12178,NewSet-M2-Wind Lag-Severe,12.5,12.4,0.056,0,90,23.9,0,0,36,24,6,0,312
12179,NewSet-M2-Wind Lag-Severe,12.5,12.4,0.056,0,90,23.9,0,0,36,24,6,30,342
12180,NewSet-M2-Wind Lag-Severe,12.5,12.4,0.056,0,90,23.9,0,0,36,24,6,60,12
12181,NewSet-M2-Wind Lag-Severe,12.5,12.4,0.056,0,90,23.9,0,0,36,24,6,90,42
12182,NewSet-M2-Wind Lag-Severe,12.5,12.4,0.056,0,90,23.9,0,0,36,24,6,120,72
12183,NewSet-M2-Wind Lag-Severe,12.5,12.4,0.056,0,90,23.9,0,0,36,24,6,150,102
12184,NewSet-M2-Wind Lag-Severe,12.5,12.4,0.056,0,90,23.9,0,0,36,24,6,174,126
12185,NewSet-K1-Wind-Lag-Mild,12.5,12.4,0,0,90,23.9,0.022,0,36,24,3,0,312
12186,NewSet-K1-Wind-Lag-Mild,12.5,12.4,0,0,90,23.9,0.022,0,36,24,3,30,342
12187,NewSet-K1-Wind-Lag-Mild,12.5,12.4,0,0,90,23.9,0.022,0,36,24,3,60,12
12188,NewSet-K1-Wind-Lag-Mild,12.5,12.4,0,0,90,23.9,0.022,0,36,24,3,90,42
12189,NewSet-K1-Wind-Lag-Mild,12.5,12.4,0,0,90,23.9,0.022,0,36,24,3,120,72
12190,NewSet-K1-Wind-Lag-Mild,12.5,12.4,0,0,90,23.9,0.022,0,36,24,3,150,102
12191,NewSet-K1-Wind-Lag-Mild,12.5,12.4,0,0,90,23.9,0.022,0,36,24,3,180,132
12192,NewSet-K1-Wind-Lag-Mild,12.5,12.4,0,0,90,23.9,0.022,0,36,24,3,210,162
12193,NewSet-K1-Wind-Lag-Mild,12.5,12.4,0,0,90,23.9,0.022,0,36,24,3,240,192
12194,NewSet-K1-Wind-Lag-Mild,12.5,12.4,0,0,90,23.9,0.022,0,36,24,3,270,222
12195,NewSet-K1-Wind-Lag-Mild,12.5,12.4,0,0,90,23.9,0.022,0,36,24,3,300,252
12196,NewSet-K1-Wind-Lag-Mild,12.5,12.4,0,0,90,23.9,0.022,0,36,24,3,330,282
12197,NewSet-K1-Wind-Lag-severe,12.5,12.4,0,0,90,23.9,0.022,0,36,24,6,0,312
12198,NewSet-K1-Wind-Lag-severe,12.5,12.4,0,0,90,23.9,0.022,0,36,24,6,30,342
12199,NewSet-K1-Wind-Lag-severe,12.5,12.4,0,0,90,23.9,0.022,0,36,24,6,60,12
12200,NewSet-K1-Wind-Lag-severe,12.5,12.4,0,0,90,23.9,0.022,0,36,24,6,90,42
12201,NewSet-K1-Wind-Lag-severe,12.5,12.4,0,0,90,23.9,0.022,0,36,24,6,120,72
12202,NewSet-K1-Wind-Lag-severe,12.5,12.4,0,0,90,23.9,0.022,0,36,24,6,150,102
12203,NewSet-K1-Wind-Lag-severe,12.5,12.4,0,0,90,23.9,0.022,0,36,24,6,180,132
12204,NewSet-K1-Wind-Lag-severe,12.5,12.4,0,0,90,23.9,0.022,0,36,24,6,210,162
12205,NewSet-K1-Wind-Lag-severe,12.5,12.4,0,0,90,23.9,0.022,0,36,24,6,240,192
12206,NewSet-K1-Wind-Lag-severe,12.5,12.4,0,0,90,23.9,0.022,0,36,24,6,270,222
12207,NewSet-K1-Wind-Lag-severe,12.5,12.4,0,0,90,23.9,0.022,0,36,24,6,300,252
12208,NewSet-K1-Wind-Lag-severe,12.5,12.4,0,0,90,23.9,0.022,0,36,24,6,330,282
12209,NewSet-M2K1-Wind-Lag-Mild,12.5,12.4,0.056,0,90,23.9,0.022,0,36,24,3,0,312
12210,NewSet-M2K1-Wind-Lag-Mild,12.5,12.4,0.056,0,90,23.9,0.022,0,36,24,3,30,342
12211,NewSet-M2K1-Wind-Lag-Mild,12.5,12.4,0.056,0,90,23.9,0.022,0,36,24,3,60,12
12212,NewSet-M2K1-Wind-Lag-Mild,12.5,12.4,0.056,0,90,23.9,0.022,0,36,24,3,90,42
12213,NewSet-M2K1-Wind-Lag-Mild,12.5,12.4,0.056,0,90,23.9,0.022,0,36,24,3,120,72
12214,NewSet-M2K1-Wind-Lag-Mild,12.5,12.4,0.056,0,90,23.9,0.022,0,36,24,3,150,102
12215,NewSet-M2K1-Wind-Lag-Mild,12.5,12.4,0.056,0,90,23.9,0.022,0,36,24,3,180,132
12216,NewSet-M2K1-Wind-Lag-Mild,12.5,12.4,0.056,0,90,23.9,0.022,0,36,24,3,210,162
12217,NewSet-M2K1-Wind-Lag-Mild,12.5,12.4,0.056,0,90,23.9,0.022,0,36,24,3,240,192
12218,NewSet-M2K1-Wind-Lag-Mild,12.5,12.4,0.056,0,90,23.9,0.022,0,36,24,3,270,222
12219,NewSet-M2K1-Wind-Lag-Mild,12.5,12.4,0.056,0,90,23.9,0.022,0,36,24,3,300,252
12220,NewSet-M2K1-Wind-Lag-Mild,12.5,12.4,0.056,0,90,23.9,0.022,0,36,24,3,330,282
12221,NewSet-M2K1-Wind-Lag-Severe,12.5,12.4,0.056,0,90,23.9,0.022,0,36,24,6,0,312
12222,NewSet-M2K1-Wind-Lag-Severe,12.5,12.4,0.056,0,90,23.9,0.022,0,36,24,6,30,342
12223,NewSet-M2K1-Wind-Lag-Severe,12.5,12.4,0.056,0,90,23.9,0.022,0,36,24,6,60,12
12224,NewSet-M2K1-Wind-Lag-Severe,12.5,12.4,0.056,0,90,23.9,0.022,0,36,24,6,90,42
12225,NewSet-M2K1-Wind-Lag-Severe,12.5,12.4,0.056,0,90,23.9,0.022,0,36,24,6,120,72
12226,NewSet-M2K1-Wind-Lag-Severe,12.5,12.4,0.056,0,90,23.9,0.022,0,36,24,6,150,102
12227,NewSet-M2K1-Wind-Lag-Severe,12.5,12.4,0.056,0,90,23.9,0.022,0,36,24,6,180,132
12228,NewSet-M2K1-Wind-Lag-Severe,12.5,12.4,0.056,0,90,23.9,0.022,0,36,24,6,210,162
12229,NewSet-M2K1-Wind-Lag-Severe,12.5,12.4,0.056,0,90,23.9,0.022,0,36,24,6,240,192
12230,NewSet-M2K1-Wind-Lag-Severe,12.5,12.4,0.056,0,90,23.9,0.022,0,36,24,6,270,222
12231,NewSet-M2K1-Wind-Lag-Severe,12.5,12.4,0.056,0,90,23.9,0.022,0,36,24,6,300,252
12232,NewSet-M2K1-Wind-Lag-Severe,12.5,12.4,0.056,0,90,23.9,0.022,0,36,24,6,330,282
12233,NewSet-M2-Wind Lag-Mild,10,12.4,0.056,0,90,23.9,0,0,36,24,3,0,312
12234,NewSet-M2-Wind Lag-Mild,10,12.4,0.056,0,90,23.9,0,0,36,24,3,30,342
12235,NewSet-M2-Wind Lag-Mild,10,12.4,0.056,0,90,23.9,0,0,36,24,3,60,12
12236,NewSet-M2-Wind Lag-Mild,10,12.4,0.056,0,90,23.9,0,0,36,24,3,90,42
12237,NewSet-M2-Wind Lag-Mild,10,12.4,0.056,0,90,23.9,0,0,36,24,3,120,72
12238,NewSet-M2-Wind Lag-Mild,10,12.4,0.056,0,90,23.9,0,0,36,24,3,150,102
12239,NewSet-M2-Wind Lag-Mild,10,12.4,0.056,0,90,23.9,0,0,36,24,3,174,126
12240,NewSet-M2-Wind Lag-Severe,10,12.4,0.056,0,90,23.9,0,0,36,24,6,0,312
12241,NewSet-M2-Wind Lag-Severe,10,12.4,0.056,0,90,23.9,0,0,36,24,6,30,342
12242,NewSet-M2-Wind Lag-Severe,10,12.4,0.056,0,90,23.9,0,0,36,24,6,60,12
12243,NewSet-M2-Wind Lag-Severe,10,12.4,0.056,0,90,23.9,0,0,36,24,6,90,42
12244,NewSet-M2-Wind Lag-Severe,10,12.4,0.056,0,90,23.9,0,0,36,24,6,120,72
12245,NewSet-M2-Wind Lag-Severe,10,12.4,0.056,0,90,23.9,0,0,36,24,6,150,102
12246,NewSet-M2-Wind Lag-Severe,10,12.4,0.056,0,90,23.9,0,0,36,24,6,174,126
12247,NewSet-K1-Wind-Lag-Mild,10,12.4,0,0,90,23.9,0.022,0,36,24,3,0,312
12248,NewSet-K1-Wind-Lag-Mild,10,12.4,0,0,90,23.9,0.022,0,36,24,3,30,342
12249,NewSet-K1-Wind-Lag-Mild,10,12.4,0,0,90,23.9,0.022,0,36,24,3,60,12
12250,NewSet-K1-Wind-Lag-Mild,10,12.4,0,0,90,23.9,0.022,0,36,24,3,90,42
12251,NewSet-K1-Wind-Lag-Mild,10,12.4,0,0,90,23.9,0.022,0,36,24,3,120,72
12252,NewSet-K1-Wind-Lag-Mild,10,12.4,0,0,90,23.9,0.022,0,36,24,3,150,102
12253,NewSet-K1-Wind-Lag-Mild,10,12.4,0,0,90,23.9,0.022,0,36,24,3,180,132
12254,NewSet-K1-Wind-Lag-Mild,10,12.4,0,0,90,23.9,0.022,0,36,24,3,210,162
12255,NewSet-K1-Wind-Lag-Mild,10,12.4,0,0,90,23.9,0.022,0,36,24,3,240,192
12256,NewSet-K1-Wind-Lag-Mild,10,12.4,0,0,90,23.9,0.022,0,36,24,3,270,222
12257,NewSet-K1-Wind-Lag-Mild,10,12.4,0,0,90,23.9,0.022,0,36,24,3,300,252
12258,NewSet-K1-Wind-Lag-Mild,10,12.4,0,0,90,23.9,0.022,0,36,24,3,330,282
12259,NewSet-K1-Wind-Lag-severe,10,12.4,0,0,90,23.9,0.022,0,36,24,6,0,312
12260,NewSet-K1-Wind-Lag-severe,10,12.4,0,0,90,23.9,0.022,0,36,24,6,30,342
12261,NewSet-K1-Wind-Lag-severe,10,12.4,0,0,90,23.9,0.022,0,36,24,6,60,12
12262,NewSet-K1-Wind-Lag-severe,10,12.4,0,0,90,23.9,0.022,0,36,24,6,90,42
12263,NewSet-K1-Wind-Lag-severe,10,12.4,0,0,90,23.9,0.022,0,36,24,6,120,72
12264,NewSet-K1-Wind-Lag-severe,10,12.4,0,0,90,23.9,0.022,0,36,24,6,150,102
12265,NewSet-K1-Wind-Lag-severe,10,12.4,0,0,90,23.9,0.022,0,36,24,6,180,132
12266,NewSet-K1-Wind-Lag-severe,10,12.4,0,0,90,23.9,0.022,0,36,24,6,210,162
12267,NewSet-K1-Wind-Lag-severe,10,12.4,0,0,90,23.9,0.022,0,36,24,6,240,192
12268,NewSet-K1-Wind-Lag-severe,10,12.4,0,0,90,23.9,0.022,0,36,24,6,270,222
12269,NewSet-K1-Wind-Lag-severe,10,12.4,0,0,90,23.9,0.022,0,36,24,6,300,252
12270,NewSet-K1-Wind-Lag-severe,10,12.4,0,0,90,23.9,0.022,0,36,24,6,330,282
12271,NewSet-M2K1-Wind-Lag-Mild,10,12.4,0.056,0,90,23.9,0.022,0,36,24,3,0,312
12272,NewSet-M2K1-Wind-Lag-Mild,10,12.4,0.056,0,90,23.9,0.022,0,36,24,3,30,342
12273,NewSet-M2K1-Wind-Lag-Mild,10,12.4,0.056,0,90,23.9,0.022,0,36,24,3,60,12
12274,NewSet-M2K1-Wind-Lag-Mild,10,12.4,0.056,0,90,23.9,0.022,0,36,24,3,90,42
12275,NewSet-M2K1-Wind-Lag-Mild,10,12.4,0.056,0,90,23.9,0.022,0,36,24,3,120,72
12276,NewSet-M2K1-Wind-Lag-Mild,10,12.4,0.056,0,90,23.9,0.022,0,36,24,3,150,102
12277,NewSet-M2K1-Wind-Lag-Mild,10,12.4,0.056,0,90,23.9,0.022,0,36,24,3,180,132
12278,NewSet-M2K1-Wind-Lag-Mild,10,12.4,0.056,0,90,23.9,0.022,0,36,24,3,210,162
12279,NewSet-M2K1-Wind-Lag-Mild,10,12.4,0.056,0,90,23.9,0.022,0,36,24,3,240,192
12280,NewSet-M2K1-Wind-Lag-Mild,10,12.4,0.056,0,90,23.9,0.022,0,36,24,3,270,222
12281,NewSet-M2K1-Wind-Lag-Mild,10,12.4,0.056,0,90,23.9,0.022,0,36,24,3,300,252
12282,NewSet-M2K1-Wind-Lag-Mild,10,12.4,0.056,0,90,23.9,0.022,0,36,24,3,330,282
12283,NewSet-M2K1-Wind-Lag-Severe,10,12.4,0.056,0,90,23.9,0.022,0,36,24,6,0,312
12284,NewSet-M2K1-Wind-Lag-Severe,10,12.4,0.056,0,90,23.9,0.022,0,36,24,6,30,342
12285,NewSet-M2K1-Wind-Lag-Severe,10,12.4,0.056,0,90,23.9,0.022,0,36,24,6,60,12
12286,NewSet-M2K1-Wind-Lag-Severe,10,12.4,0.056,0,90,23.9,0.022,0,36,24,6,90,42
12287,NewSet-M2K1-Wind-Lag-Severe,10,12.4,0.056,0,90,23.9,0.022,0,36,24,6,120,72
12288,NewSet-M2K1-Wind-Lag-Severe,10,12.4,0.056,0,90,23.9,0.022,0,36,24,6,150,102
12289,NewSet-M2K1-Wind-Lag-Severe,10,12.4,0.056,0,90,23.9,0.022,0,36,24,6,180,132
12290,NewSet-M2K1-Wind-Lag-Severe,10,12.4,0.056,0,90,23.9,0.022,0,36,24,6,210,162
12291,NewSet-M2K1-Wind-Lag-Severe,10,12.4,0.056,0,90,23.9,0.022,0,36,24,6,240,192
12292,NewSet-M2K1-Wind-Lag-Severe,10,12.4,0.056,0,90,23.9,0.022,0,36,24,6,270,222
12293,NewSet-M2K1-Wind-Lag-Severe,10,12.4,0.056,0,90,23.9,0.022,0,36,24,6,300,252
12294,NewSet-M2K1-Wind-Lag-Severe,10,12.4,0.056,0,90,23.9,0.022,0,36,24,6,330,282
12295,NewSet-M2-Wind Lag-Mild,15,12.4,0.056,0,90,23.9,0,0,36,24,3,0,312
12296,NewSet-M2-Wind Lag-Mild,15,12.4,0.056,0,90,23.9,0,0,36,24,3,30,342
12297,NewSet-M2-Wind Lag-Mild,15,12.4,0.056,0,90,23.9,0,0,36,24,3,60,12
12298,NewSet-M2-Wind Lag-Mild,15,12.4,0.056,0,90,23.9,0,0,36,24,3,90,42
12299,NewSet-M2-Wind Lag-Mild,15,12.4,0.056,0,90,23.9,0,0,36,24,3,120,72
12300,NewSet-M2-Wind Lag-Mild,15,12.4,0.056,0,90,23.9,0,0,36,24,3,150,102
12301,NewSet-M2-Wind Lag-Mild,15,12.4,0.056,0,90,23.9,0,0,36,24,3,174,126
12302,NewSet-M2-Wind Lag-Severe,15,12.4,0.056,0,90,23.9,0,0,36,24,6,0,312
12303,NewSet-M2-Wind Lag-Severe,15,12.4,0.056,0,90,23.9,0,0,36,24,6,30,342
12304,NewSet-M2-Wind Lag-Severe,15,12.4,0.056,0,90,23.9,0,0,36,24,6,60,12
12305,NewSet-M2-Wind Lag-Severe,15,12.4,0.056,0,90,23.9,0,0,36,24,6,90,42
12306,NewSet-M2-Wind Lag-Severe,15,12.4,0.056,0,90,23.9,0,0,36,24,6,120,72
12307,NewSet-M2-Wind Lag-Severe,15,12.4,0.056,0,90,23.9,0,0,36,24,6,150,102
12308,NewSet-M2-Wind Lag-Severe,15,12.4,0.056,0,90,23.9,0,0,36,24,6,174,126
12309,NewSet-K1-Wind-Lag-Mild,15,12.4,0,0,90,23.9,0.022,0,36,24,3,0,312
12310,NewSet-K1-Wind-Lag-Mild,15,12.4,0,0,90,23.9,0.022,0,36,24,3,30,342
12311,NewSet-K1-Wind-Lag-Mild,15,12.4,0,0,90,23.9,0.022,0,36,24,3,60,12
12312,NewSet-K1-Wind-Lag-Mild,15,12.4,0,0,90,23.9,0.022,0,36,24,3,90,42
12313,NewSet-K1-Wind-Lag-Mild,15,12.4,0,0,90,23.9,0.022,0,36,24,3,120,72
12314,NewSet-K1-Wind-Lag-Mild,15,12.4,0,0,90,23.9,0.022,0,36,24,3,150,102
12315,NewSet-K1-Wind-Lag-Mild,15,12.4,0,0,90,23.9,0.022,0,36,24,3,180,132
12316,NewSet-K1-Wind-Lag-Mild,15,12.4,0,0,90,23.9,0.022,0,36,24,3,210,162
12317,NewSet-K1-Wind-Lag-Mild,15,12.4,0,0,90,23.9,0.022,0,36,24,3,240,192
12318,NewSet-K1-Wind-Lag-Mild,15,12.4,0,0,90,23.9,0.022,0,36,24,3,270,222
12319,NewSet-K1-Wind-Lag-Mild,15,12.4,0,0,90,23.9,0.022,0,36,24,3,300,252
12320,NewSet-K1-Wind-Lag-Mild,15,12.4,0,0,90,23.9,0.022,0,36,24,3,330,282
12321,NewSet-K1-Wind-Lag-severe,15,12.4,0,0,90,23.9,0.022,0,36,24,6,0,312
12322,NewSet-K1-Wind-Lag-severe,15,12.4,0,0,90,23.9,0.022,0,36,24,6,30,342
12323,NewSet-K1-Wind-Lag-severe,15,12.4,0,0,90,23.9,0.022,0,36,24,6,60,12
12324,NewSet-K1-Wind-Lag-severe,15,12.4,0,0,90,23.9,0.022,0,36,24,6,90,42
12325,NewSet-K1-Wind-Lag-severe,15,12.4,0,0,90,23.9,0.022,0,36,24,6,120,72
12326,NewSet-K1-Wind-Lag-severe,15,12.4,0,0,90,23.9,0.022,0,36,24,6,150,102
12327,NewSet-K1-Wind-Lag-severe,15,12.4,0,0,90,23.9,0.022,0,36,24,6,180,132
12328,NewSet-K1-Wind-Lag-severe,15,12.4,0,0,90,23.9,0.022,0,36,24,6,210,162
12329,NewSet-K1-Wind-Lag-severe,15,12.4,0,0,90,23.9,0.022,0,36,24,6,240,192
12330,NewSet-K1-Wind-Lag-severe,15,12.4,0,0,90,23.9,0.022,0,36,24,6,270,222
12331,NewSet-K1-Wind-Lag-severe,15,12.4,0,0,90,23.9,0.022,0,36,24,6,300,252
12332,NewSet-K1-Wind-Lag-severe,15,12.4,0,0,90,23.9,0.022,0,36,24,6,330,282
12333,NewSet-M2K1-Wind-Lag-Mild,15,12.4,0.056,0,90,23.9,0.022,0,36,24,3,0,312
12334,NewSet-M2K1-Wind-Lag-Mild,15,12.4,0.056,0,90,23.9,0.022,0,36,24,3,30,342
12335,NewSet-M2K1-Wind-Lag-Mild,15,12.4,0.056,0,90,23.9,0.022,0,36,24,3,60,12
12336,NewSet-M2K1-Wind-Lag-Mild,15,12.4,0.056,0,90,23.9,0.022,0,36,24,3,90,42
12337,NewSet-M2K1-Wind-Lag-Mild,15,12.4,0.056,0,90,23.9,0.022,0,36,24,3,120,72
12338,NewSet-M2K1-Wind-Lag-Mild,15,12.4,0.056,0,90,23.9,0.022,0,36,24,3,150,102
12339,NewSet-M2K1-Wind-Lag-Mild,15,12.4,0.056,0,90,23.9,0.022,0,36,24,3,180,132
12340,NewSet-M2K1-Wind-Lag-Mild,15,12.4,0.056,0,90,23.9,0.022,0,36,24,3,210,162
12341,NewSet-M2K1-Wind-Lag-Mild,15,12.4,0.056,0,90,23.9,0.022,0,36,24,3,240,192
12342,NewSet-M2K1-Wind-Lag-Mild,15,12.4,0.056,0,90,23.9,0.022,0,36,24,3,270,222
12343,NewSet-M2K1-Wind-Lag-Mild,15,12.4,0.056,0,90,23.9,0.022,0,36,24,3,300,252
12344,NewSet-M2K1-Wind-Lag-Mild,15,12.4,0.056,0,90,23.9,0.022,0,36,24,3,330,282
12345,NewSet-M2K1-Wind-Lag-Severe,15,12.4,0.056,0,90,23.9,0.022,0,36,24,6,0,312
12346,NewSet-M2K1-Wind-Lag-Severe,15,12.4,0.056,0,90,23.9,0.022,0,36,24,6,30,342
12347,NewSet-M2K1-Wind-Lag-Severe,15,12.4,0.056,0,90,23.9,0.022,0,36,24,6,60,12
12348,NewSet-M2K1-Wind-Lag-Severe,15,12.4,0.056,0,90,23.9,0.022,0,36,24,6,90,42
12349,NewSet-M2K1-Wind-Lag-Severe,15,12.4,0.056,0,90,23.9,0.022,0,36,24,6,120,72
12350,NewSet-M2K1-Wind-Lag-Severe,15,12.4,0.056,0,90,23.9,0.022,0,36,24,6,150,102
12351,NewSet-M2K1-Wind-Lag-Severe,15,12.4,0.056,0,90,23.9,0.022,0,36,24,6,180,132
12352,NewSet-M2K1-Wind-Lag-Severe,15,12.4,0.056,0,90,23.9,0.022,0,36,24,6,210,162
12353,NewSet-M2K1-Wind-Lag-Severe,15,12.4,0.056,0,90,23.9,0.022,0,36,24,6,240,192
12354,NewSet-M2K1-Wind-Lag-Severe,15,12.4,0.056,0,90,23.9,0.022,0,36,24,6,270,222
12355,NewSet-M2K1-Wind-Lag-Severe,15,12.4,0.056,0,90,23.9,0.022,0,36,24,6,300,252
12356,NewSet-M2K1-Wind-Lag-Severe,15,12.4,0.056,0,90,23.9,0.022,0,36,24,6,330,282
12357,NewSet-M2-Wind Lag-Mild,17.5,12.4,0.056,0,90,23.9,0,0,36,24,3,0,312
12358,NewSet-M2-Wind Lag-Mild,17.5,12.4,0.056,0,90,23.9,0,0,36,24,3,30,342
12359,NewSet-M2-Wind Lag-Mild,17.5,12.4,0.056,0,90,23.9,0,0,36,24,3,60,12
12360,NewSet-M2-Wind Lag-Mild,17.5,12.4,0.056,0,90,23.9,0,0,36,24,3,90,42
12361,NewSet-M2-Wind Lag-Mild,17.5,12.4,0.056,0,90,23.9,0,0,36,24,3,120,72
12362,NewSet-M2-Wind Lag-Mild,17.5,12.4,0.056,0,90,23.9,0,0,36,24,3,150,102
12363,NewSet-M2-Wind Lag-Mild,17.5,12.4,0.056,0,90,23.9,0,0,36,24,3,174,126
12364,NewSet-M2-Wind Lag-Severe,17.5,12.4,0.056,0,90,23.9,0,0,36,24,6,0,312
12365,NewSet-M2-Wind Lag-Severe,17.5,12.4,0.056,0,90,23.9,0,0,36,24,6,30,342
12366,NewSet-M2-Wind Lag-Severe,17.5,12.4,0.056,0,90,23.9,0,0,36,24,6,60,12
12367,NewSet-M2-Wind Lag-Severe,17.5,12.4,0.056,0,90,23.9,0,0,36,24,6,90,42
12368,NewSet-M2-Wind Lag-Severe,17.5,12.4,0.056,0,90,23.9,0,0,36,24,6,120,72
12369,NewSet-M2-Wind Lag-Severe,17.5,12.4,0.056,0,90,23.9,0,0,36,24,6,150,102
12370,NewSet-M2-Wind Lag-Severe,17.5,12.4,0.056,0,90,23.9,0,0,36,24,6,174,126
12371,NewSet-K1-Wind-Lag-Mild,17.5,12.4,0,0,90,23.9,0.022,0,36,24,3,0,312
12372,NewSet-K1-Wind-Lag-Mild,17.5,12.4,0,0,90,23.9,0.022,0,36,24,3,30,342
12373,NewSet-K1-Wind-Lag-Mild,17.5,12.4,0,0,90,23.9,0.022,0,36,24,3,60,12
12374,NewSet-K1-Wind-Lag-Mild,17.5,12.4,0,0,90,23.9,0.022,0,36,24,3,90,42
12375,NewSet-K1-Wind-Lag-Mild,17.5,12.4,0,0,90,23.9,0.022,0,36,24,3,120,72
12376,NewSet-K1-Wind-Lag-Mild,17.5,12.4,0,0,90,23.9,0.022,0,36,24,3,150,102
12377,NewSet-K1-Wind-Lag-Mild,17.5,12.4,0,0,90,23.9,0.022,0,36,24,3,180,132
12378,NewSet-K1-Wind-Lag-Mild,17.5,12.4,0,0,90,23.9,0.022,0,36,24,3,210,162
12379,NewSet-K1-Wind-Lag-Mild,17.5,12.4,0,0,90,23.9,0.022,0,36,24,3,240,192
12380,NewSet-K1-Wind-Lag-Mild,17.5,12.4,0,0,90,23.9,0.022,0,36,24,3,270,222
12381,NewSet-K1-Wind-Lag-Mild,17.5,12.4,0,0,90,23.9,0.022,0,36,24,3,300,252
12382,NewSet-K1-Wind-Lag-Mild,17.5,12.4,0,0,90,23.9,0.022,0,36,24,3,330,282
12383,NewSet-K1-Wind-Lag-severe,17.5,12.4,0,0,90,23.9,0.022,0,36,24,6,0,312
12384,NewSet-K1-Wind-Lag-severe,17.5,12.4,0,0,90,23.9,0.022,0,36,24,6,30,342
12385,NewSet-K1-Wind-Lag-severe,17.5,12.4,0,0,90,23.9,0.022,0,36,24,6,60,12
12386,NewSet-K1-Wind-Lag-severe,17.5,12.4,0,0,90,23.9,0.022,0,36,24,6,90,42
12387,NewSet-K1-Wind-Lag-severe,17.5,12.4,0,0,90,23.9,0.022,0,36,24,6,120,72
12388,NewSet-K1-Wind-Lag-severe,17.5,12.4,0,0,90,23.9,0.022,0,36,24,6,150,102
12389,NewSet-K1-Wind-Lag-severe,17.5,12.4,0,0,90,23.9,0.022,0,36,24,6,180,132
12390,NewSet-K1-Wind-Lag-severe,17.5,12.4,0,0,90,23.9,0.022,0,36,24,6,210,162
12391,NewSet-K1-Wind-Lag-severe,17.5,12.4,0,0,90,23.9,0.022,0,36,24,6,240,192
12392,NewSet-K1-Wind-Lag-severe,17.5,12.4,0,0,90,23.9,0.022,0,36,24,6,270,222
12393,NewSet-K1-Wind-Lag-severe,17.5,12.4,0,0,90,23.9,0.022,0,36,24,6,300,252
12394,NewSet-K1-Wind-Lag-severe,17.5,12.4,0,0,90,23.9,0.022,0,36,24,6,330,282
12395,NewSet-M2K1-Wind-Lag-Mild,17.5,12.4,0.056,0,90,23.9,0.022,0,36,24,3,0,312
12396,NewSet-M2K1-Wind-Lag-Mild,17.5,12.4,0.056,0,90,23.9,0.022,0,36,24,3,30,342
12397,NewSet-M2K1-Wind-Lag-Mild,17.5,12.4,0.056,0,90,23.9,0.022,0,36,24,3,60,12
12398,NewSet-M2K1-Wind-Lag-Mild,17.5,12.4,0.056,0,90,23.9,0.022,0,36,24,3,90,42
12399,NewSet-M2K1-Wind-Lag-Mild,17.5,12.4,0.056,0,90,23.9,0.022,0,36,24,3,120,72
12400,NewSet-M2K1-Wind-Lag-Mild,17.5,12.4,0.056,0,90,23.9,0.022,0,36,24,3,150,102
12401,NewSet-M2K1-Wind-Lag-Mild,17.5,12.4,0.056,0,90,23.9,0.022,0,36,24,3,180,132
12402,NewSet-M2K1-Wind-Lag-Mild,17.5,12.4,0.056,0,90,23.9,0.022,0,36,24,3,210,162
12403,NewSet-M2K1-Wind-Lag-Mild,17.5,12.4,0.056,0,90,23.9,0.022,0,36,24,3,240,192
12404,NewSet-M2K1-Wind-Lag-Mild,17.5,12.4,0.056,0,90,23.9,0.022,0,36,24,3,270,222
12405,NewSet-M2K1-Wind-Lag-Mild,17.5,12.4,0.056,0,90,23.9,0.022,0,36,24,3,300,252
12406,NewSet-M2K1-Wind-Lag-Mild,17.5,12.4,0.056,0,90,23.9,0.022,0,36,24,3,330,282
12407,NewSet-M2K1-Wind-Lag-Severe,17.5,12.4,0.056,0,90,23.9,0.022,0,36,24,6,0,312
12408,NewSet-M2K1-Wind-Lag-Severe,17.5,12.4,0.056,0,90,23.9,0.022,0,36,24,6,30,342
12409,NewSet-M2K1-Wind-Lag-Severe,17.5,12.4,0.056,0,90,23.9,0.022,0,36,24,6,60,12
12410,NewSet-M2K1-Wind-Lag-Severe,17.5,12.4,0.056,0,90,23.9,0.022,0,36,24,6,90,42
12411,NewSet-M2K1-Wind-Lag-Severe,17.5,12.4,0.056,0,90,23.9,0.022,0,36,24,6,120,72
12412,NewSet-M2K1-Wind-Lag-Severe,17.5,12.4,0.056,0,90,23.9,0.022,0,36,24,6,150,102
12413,NewSet-M2K1-Wind-Lag-Severe,17.5,12.4,0.056,0,90,23.9,0.022,0,36,24,6,180,132
12414,NewSet-M2K1-Wind-Lag-Severe,17.5,12.4,0.056,0,90,23.9,0.022,0,36,24,6,210,162
12415,NewSet-M2K1-Wind-Lag-Severe,17.5,12.4,0.056,0,90,23.9,0.022,0,36,24,6,240,192
12416,NewSet-M2K1-Wind-Lag-Severe,17.5,12.4,0.056,0,90,23.9,0.022,0,36,24,6,270,222
12417,NewSet-M2K1-Wind-Lag-Severe,17.5,12.4,0.056,0,90,23.9,0.022,0,36,24,6,300,252
12418,NewSet-M2K1-Wind-Lag-Severe,17.5,12.4,0.056,0,90,23.9,0.022,0,36,24,6,330,282
12419,NewSet-M2-Wind Lag-Mild,20,12.4,0.056,0,90,23.9,0,0,36,24,3,0,312
12420,NewSet-M2-Wind Lag-Mild,20,12.4,0.056,0,90,23.9,0,0,36,24,3,30,342
12421,NewSet-M2-Wind Lag-Mild,20,12.4,0.056,0,90,23.9,0,0,36,24,3,60,12
12422,NewSet-M2-Wind Lag-Mild,20,12.4,0.056,0,90,23.9,0,0,36,24,3,90,42
12423,NewSet-M2-Wind Lag-Mild,20,12.4,0.056,0,90,23.9,0,0,36,24,3,120,72
12424,NewSet-M2-Wind Lag-Mild,20,12.4,0.056,0,90,23.9,0,0,36,24,3,150,102
12425,NewSet-M2-Wind Lag-Mild,20,12.4,0.056,0,90,23.9,0,0,36,24,3,174,126
12426,NewSet-M2-Wind Lag-Severe,20,12.4,0.056,0,90,23.9,0,0,36,24,6,0,312
12427,NewSet-M2-Wind Lag-Severe,20,12.4,0.056,0,90,23.9,0,0,36,24,6,30,342
12428,NewSet-M2-Wind Lag-Severe,20,12.4,0.056,0,90,23.9,0,0,36,24,6,60,12
12429,NewSet-M2-Wind Lag-Severe,20,12.4,0.056,0,90,23.9,0,0,36,24,6,90,42
12430,NewSet-M2-Wind Lag-Severe,20,12.4,0.056,0,90,23.9,0,0,36,24,6,120,72
12431,NewSet-M2-Wind Lag-Severe,20,12.4,0.056,0,90,23.9,0,0,36,24,6,150,102
12432,NewSet-M2-Wind Lag-Severe,20,12.4,0.056,0,90,23.9,0,0,36,24,6,174,126
12433,NewSet-K1-Wind-Lag-Mild,20,12.4,0,0,90,23.9,0.022,0,36,24,3,0,312
12434,NewSet-K1-Wind-Lag-Mild,20,12.4,0,0,90,23.9,0.022,0,36,24,3,30,342
12435,NewSet-K1-Wind-Lag-Mild,20,12.4,0,0,90,23.9,0.022,0,36,24,3,60,12
12436,NewSet-K1-Wind-Lag-Mild,20,12.4,0,0,90,23.9,0.022,0,36,24,3,90,42
12437,NewSet-K1-Wind-Lag-Mild,20,12.4,0,0,90,23.9,0.022,0,36,24,3,120,72
12438,NewSet-K1-Wind-Lag-Mild,20,12.4,0,0,90,23.9,0.022,0,36,24,3,150,102
12439,NewSet-K1-Wind-Lag-Mild,20,12.4,0,0,90,23.9,0.022,0,36,24,3,180,132
12440,NewSet-K1-Wind-Lag-Mild,20,12.4,0,0,90,23.9,0.022,0,36,24,3,210,162
12441,NewSet-K1-Wind-Lag-Mild,20,12.4,0,0,90,23.9,0.022,0,36,24,3,240,192
12442,NewSet-K1-Wind-Lag-Mild,20,12.4,0,0,90,23.9,0.022,0,36,24,3,270,222
12443,NewSet-K1-Wind-Lag-Mild,20,12.4,0,0,90,23.9,0.022,0,36,24,3,300,252
12444,NewSet-K1-Wind-Lag-Mild,20,12.4,0,0,90,23.9,0.022,0,36,24,3,330,282
12445,NewSet-K1-Wind-Lag-severe,20,12.4,0,0,90,23.9,0.022,0,36,24,6,0,312
12446,NewSet-K1-Wind-Lag-severe,20,12.4,0,0,90,23.9,0.022,0,36,24,6,30,342
12447,NewSet-K1-Wind-Lag-severe,20,12.4,0,0,90,23.9,0.022,0,36,24,6,60,12
12448,NewSet-K1-Wind-Lag-severe,20,12.4,0,0,90,23.9,0.022,0,36,24,6,90,42
12449,NewSet-K1-Wind-Lag-severe,20,12.4,0,0,90,23.9,0.022,0,36,24,6,120,72
12450,NewSet-K1-Wind-Lag-severe,20,12.4,0,0,90,23.9,0.022,0,36,24,6,150,102
12451,NewSet-K1-Wind-Lag-severe,20,12.4,0,0,90,23.9,0.022,0,36,24,6,180,132
12452,NewSet-K1-Wind-Lag-severe,20,12.4,0,0,90,23.9,0.022,0,36,24,6,210,162
12453,NewSet-K1-Wind-Lag-severe,20,12.4,0,0,90,23.9,0.022,0,36,24,6,240,192
12454,NewSet-K1-Wind-Lag-severe,20,12.4,0,0,90,23.9,0.022,0,36,24,6,270,222
12455,NewSet-K1-Wind-Lag-severe,20,12.4,0,0,90,23.9,0.022,0,36,24,6,300,252
12456,NewSet-K1-Wind-Lag-severe,20,12.4,0,0,90,23.9,0.022,0,36,24,6,330,282
12457,NewSet-M2K1-Wind-Lag-Mild,20,12.4,0.056,0,90,23.9,0.022,0,36,24,3,0,312
12458,NewSet-M2K1-Wind-Lag-Mild,20,12.4,0.056,0,90,23.9,0.022,0,36,24,3,30,342
12459,NewSet-M2K1-Wind-Lag-Mild,20,12.4,0.056,0,90,23.9,0.022,0,36,24,3,60,12
12460,NewSet-M2K1-Wind-Lag-Mild,20,12.4,0.056,0,90,23.9,0.022,0,36,24,3,90,42
12461,NewSet-M2K1-Wind-Lag-Mild,20,12.4,0.056,0,90,23.9,0.022,0,36,24,3,120,72
12462,NewSet-M2K1-Wind-Lag-Mild,20,12.4,0.056,0,90,23.9,0.022,0,36,24,3,150,102
12463,NewSet-M2K1-Wind-Lag-Mild,20,12.4,0.056,0,90,23.9,0.022,0,36,24,3,180,132
12464,NewSet-M2K1-Wind-Lag-Mild,20,12.4,0.056,0,90,23.9,0.022,0,36,24,3,210,162
12465,NewSet-M2K1-Wind-Lag-Mild,20,12.4,0.056,0,90,23.9,0.022,0,36,24,3,240,192
12466,NewSet-M2K1-Wind-Lag-Mild,20,12.4,0.056,0,90,23.9,0.022,0,36,24,3,270,222
12467,NewSet-M2K1-Wind-Lag-Mild,20,12.4,0.056,0,90,23.9,0.022,0,36,24,3,300,252
12468,NewSet-M2K1-Wind-Lag-Mild,20,12.4,0.056,0,90,23.9,0.022,0,36,24,3,330,282
12469,NewSet-M2K1-Wind-Lag-Severe,20,12.4,0.056,0,90,23.9,0.022,0,36,24,6,0,312
12470,NewSet-M2K1-Wind-Lag-Severe,20,12.4,0.056,0,90,23.9,0.022,0,36,24,6,30,342
12471,NewSet-M2K1-Wind-Lag-Severe,20,12.4,0.056,0,90,23.9,0.022,0,36,24,6,60,12
12472,NewSet-M2K1-Wind-Lag-Severe,20,12.4,0.056,0,90,23.9,0.022,0,36,24,6,90,42
12473,NewSet-M2K1-Wind-Lag-Severe,20,12.4,0.056,0,90,23.9,0.022,0,36,24,6,120,72
12474,NewSet-M2K1-Wind-Lag-Severe,20,12.4,0.056,0,90,23.9,0.022,0,36,24,6,150,102
12475,NewSet-M2K1-Wind-Lag-Severe,20,12.4,0.056,0,90,23.9,0.022,0,36,24,6,180,132
12476,NewSet-M2K1-Wind-Lag-Severe,20,12.4,0.056,0,90,23.9,0.022,0,36,24,6,210,162
12477,NewSet-M2K1-Wind-Lag-Severe,20,12.4,0.056,0,90,23.9,0.022,0,36,24,6,240,192
12478,NewSet-M2K1-Wind-Lag-Severe,20,12.4,0.056,0,90,23.9,0.022,0,36,24,6,270,222
12479,NewSet-M2K1-Wind-Lag-Severe,20,12.4,0.056,0,90,23.9,0.022,0,36,24,6,300,252
12480,NewSet-M2K1-Wind-Lag-Severe,20,12.4,0.056,0,90,23.9,0.022,0,36,24,6,330,282
12481,Extended Bathymetry,5,12.4,0.056,0,90,23.9,0,0,36,0,0,0,0
12482,Only Wind,5,12.4,0,0,90,23.9,0,0,36,24,6,0,312
12483,Only Wind,7.5,12.4,0,0,90,23.9,0,0,36,24,6,0,312
12484,Only Wind,10,12.4,0,0,90,23.9,0,0,36,24,6,0,312
12485,Only Wind,12.5,12.4,0,0,90,23.9,0,0,36,24,6,0,312
12486,Only Wind,15,12.4,0,0,90,23.9,0,0,36,24,6,0,312
12487,Only Wind,17.5,12.4,0,0,90,23.9,0,0,36,24,6,0,312
12488,Only Wind,20,12.4,0,0,90,23.9,0,0,36,24,6,0,312
12489,Different Tide Period-Wind,12.5,12.4,0,0,90,20,0.026,0,36,24,6,0,312
12490,Different Tide Period-Wind,12.5,12.4,0,0,90,20,0.026,0,36,24,6,30,342
12491,Different Tide Period-Wind,12.5,12.4,0,0,90,20,0.026,0,36,24,6,60,12
12492,Different Tide Period-Wind,12.5,12.4,0,0,90,20,0.026,0,36,24,6,90,42
12493,Different Tide Period-Wind,12.5,12.4,0,0,90,20,0.026,0,36,24,6,120,72
12494,Different Tide Period-Wind,12.5,12.4,0,0,90,20,0.026,0,36,24,6,150,102
12495,Different Tide Period-Wind,12.5,12.4,0,0,90,20,0.026,0,36,24,6,180,132
12496,Different Tide Period-Wind,12.5,12.4,0,0,90,20,0.026,0,36,24,6,210,162
12497,Different Tide Period-Wind,12.5,12.4,0,0,90,20,0.026,0,36,24,6,240,192
12498,Different Tide Period-Wind,12.5,12.4,0,0,90,20,0.026,0,36,24,6,270,222
12499,Different Tide Period-Wind,12.5,12.4,0,0,90,20,0.026,0,36,24,6,300,252
12500,Different Tide Period-Wind,12.5,12.4,0,0,90,20,0.026,0,36,24,6,330,282
12501,Different Viscosity-M2-110083,12.5,12.4,0.056,0,90,23.9,0,108,144,24,0,205,157
12502,Different Viscosity-M2-110083,12.5,12.4,0.056,0,90,23.9,0,108,144,24,0,205,157
12503,Different Viscosity-M2-110083,12.5,12.4,0.056,0,90,23.9,0,108,144,24,0,205,157
12504,Different Viscosity-M2-110083,12.5,12.4,0.056,0,90,23.9,0,108,144,24,0,205,157
